probability,cost,path,alignment,total,heuristic,queue,states,arcs,sum,num_insert,num_removal,num_update,simple_lp,complex_lp,restart,split_num,trace_length,alignment_length
0.0013281868254208288,3,"['n27', 'n29', 'n30', 'n28', 'n37', 'n41', 'n45', 'n43', 'n42', 'n46', 'n52', 'n53', 'n56', 'n57']","[('>>', None), ('Request For Payment SUBMITTED by EMPLOYEE', 'Request For Payment SUBMITTED by EMPLOYEE'), ('>>', None), ('Request For Payment FINAL_APPROVED by SUPERVISOR', '>>'), ('>>', None), ('Request For Payment REJECTED by MISSING', '>>'), ('Request For Payment SUBMITTED by EMPLOYEE', '>>'), ('>>', None), ('>>', None), ('Request For Payment APPROVED by PRE_APPROVER', 'Request For Payment APPROVED by PRE_APPROVER'), ('Request For Payment FINAL_APPROVED by SUPERVISOR', 'Request For Payment FINAL_APPROVED by SUPERVISOR'), ('>>', None), ('>>', None), ('Request Payment', 'Request Payment'), ('>>', None), ('Payment Handled', 'Payment Handled'), ('>>', None)]",0.017522707999999998,0.01590466800000001,0.006767922000000537,47,144,210,140,70,0,14,0,0,0,8,17
0.0007605089529111595,0,"['n27', 'n29', 'n30', 'n28', 'n37', 'n41', 'n43', 'n44', 'n42', 'n46', 'n52', 'n53', 'n56', 'n57']","[('>>', None), ('Request For Payment SUBMITTED by EMPLOYEE', 'Request For Payment SUBMITTED by EMPLOYEE'), ('>>', None), ('>>', None), ('>>', None), ('>>', None), ('Request For Payment FINAL_APPROVED by SUPERVISOR', 'Request For Payment FINAL_APPROVED by SUPERVISOR'), ('>>', None), ('>>', None), ('>>', None), ('Request Payment', 'Request Payment'), ('>>', None), ('Payment Handled', 'Payment Handled'), ('>>', None)]",0.0012129159999999528,0.0007455000000000656,0.0007908320000002966,16,51,71,52,19,0,1,0,0,0,4,14
4.212784133812928e-06,2,"['n27', 'n31', 'n29', 'n34', 'n33', 'n32', 'n28', 'n37', 'n41', 'n43', 'n44', 'n42', 'n46', 'n52', 'n53', 'n56', 'n57']","[('>>', None), ('>>', None), ('Request For Payment SUBMITTED by EMPLOYEE', 'Request For Payment SUBMITTED by EMPLOYEE'), ('>>', None), ('Request For Payment REJECTED by SUPERVISOR', '>>'), ('Request For Payment REJECTED by EMPLOYEE', 'Request For Payment REJECTED by EMPLOYEE'), ('>>', None), ('>>', None), ('>>', None), ('Request For Payment SUBMITTED by EMPLOYEE', '>>'), ('>>', None), ('Request For Payment FINAL_APPROVED by SUPERVISOR', 'Request For Payment FINAL_APPROVED by SUPERVISOR'), ('>>', None), ('>>', None), ('>>', None), ('Request Payment', 'Request Payment'), ('>>', None), ('Payment Handled', 'Payment Handled'), ('>>', None)]",0.022055166999999987,0.02019062599999988,0.0010913389999983591,45,157,259,168,91,0,30,0,0,0,7,19
0.0013281868254208288,0,"['n27', 'n29', 'n30', 'n28', 'n37', 'n41', 'n45', 'n43', 'n42', 'n46', 'n52', 'n53', 'n56', 'n57']","[('>>', None), ('Request For Payment SUBMITTED by EMPLOYEE', 'Request For Payment SUBMITTED by EMPLOYEE'), ('>>', None), ('>>', None), ('>>', None), ('>>', None), ('Request For Payment APPROVED by PRE_APPROVER', 'Request For Payment APPROVED by PRE_APPROVER'), ('Request For Payment FINAL_APPROVED by SUPERVISOR', 'Request For Payment FINAL_APPROVED by SUPERVISOR'), ('>>', None), ('>>', None), ('Request Payment', 'Request Payment'), ('>>', None), ('Payment Handled', 'Payment Handled'), ('>>', None)]",0.001213624999999996,0.0006912079999999987,0.0007325039999995786,15,48,66,49,17,0,1,0,0,0,5,14
0.0013281804705758528,0,"['n27', 'n29', 'n30', 'n28', 'n36', 'n47', 'n49', 'n50', 'n48', 'n52', 'n53', 'n56', 'n57']","[('>>', None), ('Request For Payment SUBMITTED by EMPLOYEE', 'Request For Payment SUBMITTED by EMPLOYEE'), ('>>', None), ('>>', None), ('>>', None), ('>>', None), ('Request For Payment APPROVED by SUPERVISOR', 'Request For Payment APPROVED by SUPERVISOR'), ('Request For Payment FINAL_APPROVED by DIRECTOR', 'Request For Payment FINAL_APPROVED by DIRECTOR'), ('>>', None), ('Request Payment', 'Request Payment'), ('>>', None), ('Payment Handled', 'Payment Handled'), ('>>', None)]",0.0013288329999999737,0.0008956669999999889,0.0009275779999995404,14,45,62,46,16,0,1,0,0,0,5,13
0.0007605089529111595,3,"['n27', 'n29', 'n30', 'n28', 'n37', 'n41', 'n43', 'n44', 'n42', 'n46', 'n52', 'n53', 'n56', 'n57']","[('>>', None), ('Request For Payment SUBMITTED by EMPLOYEE', 'Request For Payment SUBMITTED by EMPLOYEE'), ('Request For Payment FINAL_APPROVED by SUPERVISOR', '>>'), ('Request For Payment REJECTED by MISSING', '>>'), ('Request For Payment SUBMITTED by EMPLOYEE', '>>'), ('>>', None), ('>>', None), ('>>', None), ('>>', None), ('Request For Payment FINAL_APPROVED by SUPERVISOR', 'Request For Payment FINAL_APPROVED by SUPERVISOR'), ('>>', None), ('>>', None), ('>>', None), ('Request Payment', 'Request Payment'), ('>>', None), ('Payment Handled', 'Payment Handled'), ('>>', None)]",0.02550958399999992,0.023291168000000195,0.001095374000000482,65,194,339,211,128,0,35,0,0,0,7,17
2.5412035197198634e-05,3,"['n27', 'n29', 'n31', 'n34', 'n33', 'n32', 'n28', 'n37', 'n41', 'n45', 'n43', 'n42', 'n46', 'n51', 'n53', 'n55', 'n57']","[('>>', None), ('Request For Payment SUBMITTED by EMPLOYEE', 'Request For Payment SUBMITTED by EMPLOYEE'), ('>>', None), ('>>', None), ('Request For Payment REJECTED by PRE_APPROVER', '>>'), ('Request For Payment REJECTED by EMPLOYEE', 'Request For Payment REJECTED by EMPLOYEE'), ('>>', None), ('>>', None), ('>>', None), ('Request For Payment SUBMITTED by EMPLOYEE', '>>'), ('>>', None), ('Request For Payment APPROVED by PRE_APPROVER', 'Request For Payment APPROVED by PRE_APPROVER'), ('Request For Payment FINAL_APPROVED by SUPERVISOR', 'Request For Payment FINAL_APPROVED by SUPERVISOR'), ('>>', None), ('>>', None), ('>>', None), ('>>', None), ('>>', None), ('>>', None), ('Request For Payment REJECTED by MISSING', '>>')]",0.030703541999999917,0.028301785999999662,0.0011597549999992074,61,183,341,213,128,0,44,0,0,0,7,20
0.0008479156057219469,1,"['n27', 'n30', 'n29', 'n28', 'n37', 'n41', 'n43', 'n44', 'n42', 'n46', 'n51', 'n53', 'n55', 'n57']","[('>>', None), ('>>', None), ('Request For Payment SUBMITTED by EMPLOYEE', 'Request For Payment SUBMITTED by EMPLOYEE'), ('>>', None), ('>>', None), ('>>', None), ('Request For Payment FINAL_APPROVED by SUPERVISOR', 'Request For Payment FINAL_APPROVED by SUPERVISOR'), ('>>', None), ('>>', None), ('>>', None), ('>>', None), ('>>', None), ('>>', None), ('Request For Payment REJECTED by MISSING', '>>'), ('>>', None)]",0.011262707999999955,0.010502207000000152,0.0007865789999997874,24,65,133,82,51,0,17,0,0,0,3,15
3.360812734526235e-06,2,"['n27', 'n31', 'n34', 'n33', 'n29', 'n32', 'n28', 'n37', 'n41', 'n45', 'n43', 'n42', 'n46', 'n52', 'n53', 'n56', 'n57']","[('Request For Payment SUBMITTED by EMPLOYEE', '>>'), ('>>', None), ('>>', None), ('>>', None), ('Request For Payment REJECTED by PRE_APPROVER', '>>'), ('Request For Payment REJECTED by EMPLOYEE', 'Request For Payment REJECTED by EMPLOYEE'), ('Request For Payment SUBMITTED by EMPLOYEE', 'Request For Payment SUBMITTED by EMPLOYEE'), ('>>', None), ('>>', None), ('>>', None), ('>>', None), ('Request For Payment APPROVED by PRE_APPROVER', 'Request For Payment APPROVED by PRE_APPROVER'), ('Request For Payment FINAL_APPROVED by SUPERVISOR', 'Request For Payment FINAL_APPROVED by SUPERVISOR'), ('>>', None), ('>>', None), ('Request Payment', 'Request Payment'), ('>>', None), ('Payment Handled', 'Payment Handled'), ('>>', None)]",0.019641125000000037,0.018082376999999705,0.0009594160000002683,39,133,232,151,81,0,28,0,0,0,8,19
0.000176800269521778,1,"['n27', 'n29', 'n31', 'n34', 'n33', 'n32', 'n28', 'n36', 'n46', 'n51', 'n53', 'n55', 'n57']","[('>>', None), ('Request For Payment SUBMITTED by EMPLOYEE', 'Request For Payment SUBMITTED by EMPLOYEE'), ('>>', None), ('>>', None), ('Request For Payment REJECTED by SUPERVISOR', '>>'), ('Request For Payment REJECTED by EMPLOYEE', 'Request For Payment REJECTED by EMPLOYEE'), ('>>', None), ('>>', None), ('>>', None), ('>>', None), ('>>', None), ('>>', None), ('>>', None), ('>>', None)]",0.0032394580000000284,0.0027177900000000532,0.0007509100000003821,17,45,71,49,22,0,4,0,0,0,3,14
8.497581039725853e-05,1,"['n27', 'n29', 'n31', 'n33', 'n34', 'n32', 'n28', 'n36', 'n46', 'n51', 'n53', 'n55', 'n57']","[('>>', None), ('Request For Payment SUBMITTED by EMPLOYEE', 'Request For Payment SUBMITTED by EMPLOYEE'), ('Request For Payment REJECTED by PRE_APPROVER', '>>'), ('>>', None), ('Request For Payment REJECTED by EMPLOYEE', 'Request For Payment REJECTED by EMPLOYEE'), ('>>', None), ('>>', None), ('>>', None), ('>>', None), ('>>', None), ('>>', None), ('>>', None), ('>>', None), ('>>', None)]",0.008082167000000084,0.007445167000000086,0.0008286150000005321,19,55,101,65,36,0,12,0,0,0,3,14
0.0013281645106599262,1,"['n27', 'n29', 'n30', 'n28', 'n37', 'n41', 'n45', 'n43', 'n42', 'n46', 'n51', 'n53', 'n55', 'n57']","[('>>', None), ('Request For Payment SUBMITTED by EMPLOYEE', 'Request For Payment SUBMITTED by EMPLOYEE'), ('>>', None), ('>>', None), ('>>', None), ('>>', None), ('Request For Payment APPROVED by PRE_APPROVER', 'Request For Payment APPROVED by PRE_APPROVER'), ('Request For Payment FINAL_APPROVED by SUPERVISOR', 'Request For Payment FINAL_APPROVED by SUPERVISOR'), ('>>', None), ('>>', None), ('>>', None), ('>>', None), ('>>', None), ('Request For Payment REJECTED by MISSING', '>>'), ('>>', None)]",0.013110292000000023,0.012366790000000072,0.0007711229999998181,23,62,131,82,49,0,20,0,0,0,4,15
4.676245367046218e-05,4,"['n27', 'n31', 'n34', 'n33', 'n32', 'n29', 'n28', 'n36', 'n46', 'n51', 'n53', 'n55', 'n57']","[('Request For Payment SUBMITTED by EMPLOYEE', '>>'), ('>>', None), ('Request For Payment REJECTED by PRE_APPROVER', '>>'), ('>>', None), ('>>', None), ('Request For Payment REJECTED by EMPLOYEE', 'Request For Payment REJECTED by EMPLOYEE'), ('>>', None), ('Request For Payment SUBMITTED by EMPLOYEE', 'Request For Payment SUBMITTED by EMPLOYEE'), ('>>', None), ('Request For Payment REJECTED by PRE_APPROVER', '>>'), ('Request For Payment REJECTED by EMPLOYEE', '>>'), ('>>', None), ('>>', None), ('>>', None), ('>>', None), ('>>', None), ('>>', None)]",0.016783749999999986,0.014521957999999668,0.0010703319999998406,48,155,223,155,68,0,10,0,0,0,6,17
0.0005862961457958946,4,"['n27', 'n29', 'n30', 'n28', 'n37', 'n41', 'n43', 'n45', 'n42', 'n46', 'n52', 'n53', 'n56', 'n57']","[('>>', None), ('Request For Payment SUBMITTED by EMPLOYEE', 'Request For Payment SUBMITTED by EMPLOYEE'), ('Request For Payment APPROVED by PRE_APPROVER', '>>'), ('>>', None), ('>>', None), ('>>', None), ('>>', None), ('Request For Payment FINAL_APPROVED by SUPERVISOR', 'Request For Payment FINAL_APPROVED by SUPERVISOR'), ('Request For Payment REJECTED by MISSING', '>>'), ('Request For Payment SUBMITTED by EMPLOYEE', '>>'), ('Request For Payment APPROVED by PRE_APPROVER', 'Request For Payment APPROVED by PRE_APPROVER'), ('>>', None), ('>>', None), ('Request For Payment FINAL_APPROVED by SUPERVISOR', '>>'), ('Request Payment', 'Request Payment'), ('>>', None), ('Payment Handled', 'Payment Handled'), ('>>', None)]",0.014006458,0.012222165000000285,0.0011205799999990385,54,167,255,173,82,0,17,0,0,0,9,18
0.0013281581559217175,0,"['n27', 'n29', 'n30', 'n28', 'n36', 'n47', 'n49', 'n50', 'n48', 'n51', 'n53', 'n55', 'n57']","[('>>', None), ('Request For Payment SUBMITTED by EMPLOYEE', 'Request For Payment SUBMITTED by EMPLOYEE'), ('>>', None), ('>>', None), ('>>', None), ('>>', None), ('Request For Payment APPROVED by SUPERVISOR', 'Request For Payment APPROVED by SUPERVISOR'), ('Request For Payment FINAL_APPROVED by DIRECTOR', 'Request For Payment FINAL_APPROVED by DIRECTOR'), ('>>', None), ('>>', None), ('>>', None), ('>>', None), ('>>', None)]",0.0010528330000000308,0.0006903750000000208,0.0007232520000007847,14,39,56,40,16,0,1,0,0,0,3,13
4.212784133812928e-06,5,"['n27', 'n31', 'n29', 'n34', 'n33', 'n32', 'n28', 'n37', 'n41', 'n43', 'n44', 'n42', 'n46', 'n52', 'n53', 'n56', 'n57']","[('>>', None), ('>>', None), ('Request For Payment SUBMITTED by EMPLOYEE', '>>'), ('Request For Payment REJECTED by SUPERVISOR', '>>'), ('Request For Payment REJECTED by EMPLOYEE', '>>'), ('Request For Payment SUBMITTED by EMPLOYEE', 'Request For Payment SUBMITTED by EMPLOYEE'), ('>>', None), ('Request For Payment REJECTED by SUPERVISOR', '>>'), ('Request For Payment REJECTED by EMPLOYEE', 'Request For Payment REJECTED by EMPLOYEE'), ('>>', None), ('>>', None), ('>>', None), ('Request For Payment SUBMITTED by EMPLOYEE', '>>'), ('>>', None), ('Request For Payment FINAL_APPROVED by SUPERVISOR', 'Request For Payment FINAL_APPROVED by SUPERVISOR'), ('>>', None), ('>>', None), ('>>', None), ('Request Payment', 'Request Payment'), ('>>', None), ('Payment Handled', 'Payment Handled'), ('>>', None)]",0.07248658400000008,0.06655808199999957,0.001791241999998583,128,408,768,451,317,0,92,0,0,0,10,22
0.00103026972963765,1,"['n27', 'n30', 'n29', 'n28', 'n36', 'n46', 'n51', 'n53', 'n55', 'n58']","[('>>', None), ('>>', None), ('>>', 'Request For Payment SUBMITTED by EMPLOYEE'), ('>>', None), ('>>', None), ('>>', None), ('>>', None), ('>>', None), ('>>', None), ('Request For Payment SAVED by EMPLOYEE', 'Request For Payment SAVED by EMPLOYEE')]",0.001107249999999893,0.000781875000000043,0.0008083720000002792,11,34,47,35,12,0,1,0,0,0,1,10
0.0007604961756609087,0,"['n27', 'n29', 'n30', 'n28', 'n37', 'n41', 'n43', 'n44', 'n42', 'n46', 'n51', 'n53', 'n55', 'n57']","[('>>', None), ('Request For Payment SUBMITTED by EMPLOYEE', 'Request For Payment SUBMITTED by EMPLOYEE'), ('>>', None), ('>>', None), ('>>', None), ('>>', None), ('Request For Payment FINAL_APPROVED by SUPERVISOR', 'Request For Payment FINAL_APPROVED by SUPERVISOR'), ('>>', None), ('>>', None), ('>>', None), ('>>', None), ('>>', None), ('>>', None), ('>>', None)]",0.0017174159999999716,0.0012983760000000455,0.0007292069999998985,16,43,65,45,20,0,2,0,0,0,2,14
7.579209712090913e-05,3,"['n27', 'n31', 'n34', 'n29', 'n33', 'n32', 'n28', 'n36', 'n46', 'n51', 'n53', 'n55', 'n57']","[('>>', None), ('>>', None), ('Request For Payment SUBMITTED by EMPLOYEE', '>>'), ('>>', None), ('Request For Payment REJECTED by SUPERVISOR', '>>'), ('Request For Payment SUBMITTED by EMPLOYEE', 'Request For Payment SUBMITTED by EMPLOYEE'), ('Request For Payment REJECTED by SUPERVISOR', '>>'), ('Request For Payment REJECTED by EMPLOYEE', 'Request For Payment REJECTED by EMPLOYEE'), ('>>', None), ('>>', None), ('>>', None), ('>>', None), ('>>', None), ('>>', None), ('>>', None), ('>>', None)]",0.01590983300000004,0.014245288000000245,0.0008713229999998129,46,135,227,149,78,0,22,0,0,0,5,16
5.1187064139113416e-05,2,"['n27', 'n31', 'n29', 'n34', 'n33', 'n32', 'n28', 'n36', 'n46', 'n51', 'n53', 'n55', 'n57']","[('>>', None), ('>>', None), ('Request For Payment SUBMITTED by EMPLOYEE', 'Request For Payment SUBMITTED by EMPLOYEE'), ('Request For Payment APPROVED by PRE_APPROVER', '>>'), ('>>', None), ('Request For Payment REJECTED by SUPERVISOR', '>>'), ('Request For Payment REJECTED by EMPLOYEE', 'Request For Payment REJECTED by EMPLOYEE'), ('>>', None), ('>>', None), ('>>', None), ('>>', None), ('>>', None), ('>>', None), ('>>', None), ('>>', None)]",0.015564249999999946,0.01472450000000014,0.000976080000000934,22,64,139,86,53,0,22,0,0,0,4,15
0.0007605089529111595,6,"['n27', 'n29', 'n30', 'n28', 'n37', 'n41', 'n43', 'n44', 'n42', 'n46', 'n52', 'n53', 'n56', 'n57']","[('Request For Payment SUBMITTED by EMPLOYEE', '>>'), ('>>', None), ('Request For Payment FINAL_APPROVED by SUPERVISOR', '>>'), ('Request For Payment REJECTED by MISSING', '>>'), ('Request For Payment SUBMITTED by EMPLOYEE', '>>'), ('Request For Payment FINAL_APPROVED by SUPERVISOR', '>>'), ('Request For Payment REJECTED by MISSING', '>>'), ('Request For Payment SUBMITTED by EMPLOYEE', 'Request For Payment SUBMITTED by EMPLOYEE'), ('>>', None), ('>>', None), ('>>', None), ('>>', None), ('Request For Payment FINAL_APPROVED by SUPERVISOR', 'Request For Payment FINAL_APPROVED by SUPERVISOR'), ('>>', None), ('>>', None), ('>>', None), ('Request Payment', 'Request Payment'), ('>>', None), ('Payment Handled', 'Payment Handled'), ('>>', None)]",0.0053198330000000515,0.004272791000000109,0.0008873399999993481,34,103,149,102,47,0,6,0,0,0,10,20
0.0017228170584757338,3,"['n27', 'n29', 'n30', 'n28', 'n37', 'n41', 'n44', 'n43', 'n42', 'n46', 'n51', 'n53', 'n55', 'n57']","[('>>', None), ('Request For Payment SUBMITTED by EMPLOYEE', 'Request For Payment SUBMITTED by EMPLOYEE'), ('Request For Payment FINAL_APPROVED by SUPERVISOR', '>>'), ('Request For Payment REJECTED by MISSING', '>>'), ('>>', None), ('>>', None), ('>>', None), ('>>', None), ('>>', None), ('Request For Payment SUBMITTED by EMPLOYEE', '>>'), ('Request For Payment FINAL_APPROVED by SUPERVISOR', 'Request For Payment FINAL_APPROVED by SUPERVISOR'), ('>>', None), ('>>', None), ('>>', None), ('>>', None), ('>>', None), ('>>', None)]",0.015860667000000106,0.014439376999999642,0.0008916210000007307,46,130,225,142,83,0,23,0,0,0,5,17
1.973224673363802e-06,2,"['n27', 'n31', 'n33', 'n29', 'n34', 'n32', 'n28', 'n37', 'n41', 'n43', 'n44', 'n42', 'n46', 'n52', 'n53', 'n56', 'n57']","[('Request For Payment SUBMITTED by EMPLOYEE', '>>'), ('>>', None), ('>>', None), ('Request For Payment REJECTED by PRE_APPROVER', '>>'), ('Request For Payment REJECTED by EMPLOYEE', 'Request For Payment REJECTED by EMPLOYEE'), ('Request For Payment SUBMITTED by EMPLOYEE', 'Request For Payment SUBMITTED by EMPLOYEE'), ('>>', None), ('>>', None), ('>>', None), ('>>', None), ('>>', None), ('Request For Payment FINAL_APPROVED by SUPERVISOR', 'Request For Payment FINAL_APPROVED by SUPERVISOR'), ('>>', None), ('>>', None), ('>>', None), ('Request Payment', 'Request Payment'), ('>>', None), ('Payment Handled', 'Payment Handled'), ('>>', None)]",0.019982874999999956,0.018133330999999586,0.0010567510000036862,47,159,265,174,91,0,27,0,0,0,7,19
8.408482662696989e-06,1,"['n27', 'n29', 'n31', 'n35', 'n33', 'n32', 'n28', 'n38', 'n39', 'n41', 'n43', 'n44', 'n42', 'n46', 'n52', 'n53', 'n56', 'n57']","[('>>', None), ('Request For Payment SUBMITTED by EMPLOYEE', 'Request For Payment SUBMITTED by EMPLOYEE'), ('>>', None), ('Request For Payment REJECTED by ADMINISTRATION', 'Request For Payment REJECTED by ADMINISTRATION'), ('Request For Payment REJECTED by EMPLOYEE', 'Request For Payment REJECTED by EMPLOYEE'), ('>>', None), ('Request For Payment SUBMITTED by EMPLOYEE', '>>'), ('>>', None), ('Request For Payment APPROVED by ADMINISTRATION', 'Request For Payment APPROVED by ADMINISTRATION'), ('>>', None), ('>>', None), ('Request For Payment FINAL_APPROVED by SUPERVISOR', 'Request For Payment FINAL_APPROVED by SUPERVISOR'), ('>>', None), ('>>', None), ('>>', None), ('Request Payment', 'Request Payment'), ('>>', None), ('Payment Handled', 'Payment Handled'), ('>>', None)]",0.013922792000000017,0.012833792000000122,0.000878751000000566,29,99,165,113,52,0,19,0,0,0,8,19
1.2214034351997943e-05,9,"['n27', 'n29', 'n31', 'n33', 'n34', 'n32', 'n28', 'n37', 'n41', 'n45', 'n43', 'n42', 'n46', 'n52', 'n53', 'n56', 'n57']","[('>>', None), ('Request For Payment SUBMITTED by EMPLOYEE', 'Request For Payment SUBMITTED by EMPLOYEE'), ('>>', None), ('Request For Payment REJECTED by PRE_APPROVER', '>>'), ('Request For Payment REJECTED by EMPLOYEE', 'Request For Payment REJECTED by EMPLOYEE'), ('>>', None), ('>>', None), ('>>', None), ('>>', None), ('>>', None), ('Request For Payment SUBMITTED by EMPLOYEE', '>>'), ('Request For Payment APPROVED by PRE_APPROVER', 'Request For Payment APPROVED by PRE_APPROVER'), ('Request For Payment FINAL_APPROVED by SUPERVISOR', 'Request For Payment FINAL_APPROVED by SUPERVISOR'), ('Request For Payment REJECTED by MISSING', '>>'), ('Request For Payment SUBMITTED by EMPLOYEE', '>>'), ('Request For Payment REJECTED by PRE_APPROVER', '>>'), ('Request For Payment REJECTED by EMPLOYEE', '>>'), ('Request For Payment SUBMITTED by EMPLOYEE', '>>'), ('Request For Payment APPROVED by PRE_APPROVER', '>>'), ('>>', None), ('>>', None), ('Request For Payment FINAL_APPROVED by SUPERVISOR', '>>'), ('Request Payment', 'Request Payment'), ('>>', None), ('Payment Handled', 'Payment Handled'), ('>>', None)]",0.09025395799999991,0.08236275400000226,0.0020421190000015077,197,647,1068,665,403,0,117,0,0,0,15,26
1.2214034351997943e-05,3,"['n27', 'n29', 'n31', 'n33', 'n34', 'n32', 'n28', 'n37', 'n41', 'n45', 'n43', 'n42', 'n46', 'n52', 'n53', 'n56', 'n57']","[('>>', None), ('Request For Payment SUBMITTED by EMPLOYEE', 'Request For Payment SUBMITTED by EMPLOYEE'), ('>>', None), ('Request For Payment APPROVED by PRE_APPROVER', '>>'), ('Request For Payment REJECTED by SUPERVISOR', '>>'), ('Request For Payment REJECTED by EMPLOYEE', 'Request For Payment REJECTED by EMPLOYEE'), ('>>', None), ('>>', None), ('Request For Payment SUBMITTED by EMPLOYEE', '>>'), ('>>', None), ('>>', None), ('>>', None), ('Request For Payment APPROVED by PRE_APPROVER', 'Request For Payment APPROVED by PRE_APPROVER'), ('Request For Payment FINAL_APPROVED by SUPERVISOR', 'Request For Payment FINAL_APPROVED by SUPERVISOR'), ('>>', None), ('>>', None), ('Request Payment', 'Request Payment'), ('>>', None), ('Payment Handled', 'Payment Handled'), ('>>', None)]",0.037639959000000056,0.035271879000001505,0.001159913000000179,57,186,360,225,135,0,52,0,0,0,9,20
2.590500005263213e-05,3,"['n27', 'n31', 'n33', 'n29', 'n35', 'n32', 'n28', 'n36', 'n46', 'n51', 'n53', 'n55', 'n57']","[('Request For Payment SUBMITTED by EMPLOYEE', '>>'), ('>>', None), ('Request For Payment REJECTED by SUPERVISOR', '>>'), ('>>', None), ('Request For Payment REJECTED by EMPLOYEE', 'Request For Payment REJECTED by EMPLOYEE'), ('Request For Payment SUBMITTED by EMPLOYEE', 'Request For Payment SUBMITTED by EMPLOYEE'), ('Request For Payment REJECTED by ADMINISTRATION', 'Request For Payment REJECTED by ADMINISTRATION'), ('>>', None), ('>>', None), ('>>', None), ('>>', None), ('Request For Payment REJECTED by EMPLOYEE', '>>'), ('>>', None), ('>>', None), ('>>', None), ('>>', None)]",0.01206599999999991,0.01080603999999985,0.0008416999999993902,37,124,197,135,62,0,17,0,0,0,6,16
0.0006785400562347247,1,"['n27', 'n29', 'n30', 'n28', 'n37', 'n41', 'n43', 'n44', 'n42', 'n46', 'n52', 'n53', 'n55', 'n57']","[('>>', None), ('Request For Payment SUBMITTED by EMPLOYEE', 'Request For Payment SUBMITTED by EMPLOYEE'), ('>>', None), ('>>', None), ('>>', None), ('>>', None), ('Request For Payment FINAL_APPROVED by SUPERVISOR', 'Request For Payment FINAL_APPROVED by SUPERVISOR'), ('>>', None), ('>>', None), ('>>', None), ('Request Payment', 'Request Payment'), ('>>', None), ('Request For Payment REJECTED by MISSING', '>>'), ('>>', None), ('>>', None)]",0.010263375000000075,0.009626082000000702,0.0007423759999991564,20,59,114,74,40,0,16,0,0,0,4,15
0.0008614184799979179,1,"['n27', 'n30', 'n29', 'n28', 'n36', 'n47', 'n50', 'n49', 'n48', 'n52', 'n53', 'n56', 'n57']","[('>>', None), ('>>', None), ('Request For Payment SUBMITTED by EMPLOYEE', 'Request For Payment SUBMITTED by EMPLOYEE'), ('Request For Payment APPROVED by PRE_APPROVER', '>>'), ('>>', None), ('>>', None), ('>>', None), ('Request For Payment FINAL_APPROVED by DIRECTOR', 'Request For Payment FINAL_APPROVED by DIRECTOR'), ('Request For Payment APPROVED by SUPERVISOR', 'Request For Payment APPROVED by SUPERVISOR'), ('>>', None), ('Request Payment', 'Request Payment'), ('>>', None), ('Payment Handled', 'Payment Handled'), ('>>', None)]",0.030330332999999987,0.02944679000000061,0.0008482090000012654,26,81,146,97,49,0,18,0,0,0,6,14
0.0013281645106599262,0,"['n27', 'n29', 'n30', 'n28', 'n37', 'n41', 'n45', 'n43', 'n42', 'n46', 'n51', 'n53', 'n55', 'n57']","[('>>', None), ('Request For Payment SUBMITTED by EMPLOYEE', 'Request For Payment SUBMITTED by EMPLOYEE'), ('>>', None), ('>>', None), ('>>', None), ('>>', None), ('Request For Payment APPROVED by PRE_APPROVER', 'Request For Payment APPROVED by PRE_APPROVER'), ('Request For Payment FINAL_APPROVED by SUPERVISOR', 'Request For Payment FINAL_APPROVED by SUPERVISOR'), ('>>', None), ('>>', None), ('>>', None), ('>>', None), ('>>', None), ('>>', None)]",0.0016548750000000556,0.0012670000000001291,0.0007080819999996102,15,41,61,43,18,0,2,0,0,0,3,14
1.02919852969818e-06,2,"['n27', 'n31', 'n34', 'n33', 'n29', 'n32', 'n28', 'n38', 'n39', 'n41', 'n43', 'n44', 'n42', 'n46', 'n52', 'n53', 'n56', 'n57']","[('Request For Payment SUBMITTED by EMPLOYEE', '>>'), ('>>', None), ('>>', None), ('Request For Payment REJECTED by SUPERVISOR', '>>'), ('>>', None), ('Request For Payment REJECTED by EMPLOYEE', 'Request For Payment REJECTED by EMPLOYEE'), ('Request For Payment SUBMITTED by EMPLOYEE', 'Request For Payment SUBMITTED by EMPLOYEE'), ('>>', None), ('>>', None), ('Request For Payment APPROVED by ADMINISTRATION', 'Request For Payment APPROVED by ADMINISTRATION'), ('>>', None), ('>>', None), ('Request For Payment FINAL_APPROVED by SUPERVISOR', 'Request For Payment FINAL_APPROVED by SUPERVISOR'), ('>>', None), ('>>', None), ('>>', None), ('Request Payment', 'Request Payment'), ('>>', None), ('Payment Handled', 'Payment Handled'), ('>>', None)]",0.009243125000000019,0.007956583999999767,0.0008632439999993746,37,130,194,139,55,0,12,0,0,0,8,20
3.740806703101528e-06,2,"['n27', 'n29', 'n31', 'n33', 'n34', 'n32', 'n28', 'n38', 'n40', 'n41', 'n43', 'n44', 'n42', 'n46', 'n52', 'n53', 'n56', 'n57']","[('>>', None), ('Request For Payment SUBMITTED by EMPLOYEE', 'Request For Payment SUBMITTED by EMPLOYEE'), ('Request For Payment REJECTED by SUPERVISOR', '>>'), ('>>', None), ('Request For Payment REJECTED by EMPLOYEE', 'Request For Payment REJECTED by EMPLOYEE'), ('>>', None), ('>>', None), ('Request For Payment SUBMITTED by EMPLOYEE', '>>'), ('>>', None), ('Request For Payment APPROVED by ADMINISTRATION', 'Request For Payment APPROVED by ADMINISTRATION'), ('Request For Payment APPROVED by BUDGET OWNER', 'Request For Payment APPROVED by BUDGET OWNER'), ('>>', None), ('Request For Payment FINAL_APPROVED by SUPERVISOR', 'Request For Payment FINAL_APPROVED by SUPERVISOR'), ('>>', None), ('>>', None), ('>>', None), ('Request Payment', 'Request Payment'), ('>>', None), ('Payment Handled', 'Payment Handled'), ('>>', None)]",0.018820292000000016,0.017252920000000005,0.000946494000000131,43,146,251,164,87,0,27,0,0,0,9,20
5.1187064139113416e-05,2,"['n27', 'n31', 'n29', 'n34', 'n33', 'n32', 'n28', 'n36', 'n46', 'n51', 'n53', 'n55', 'n57']","[('>>', None), ('>>', None), ('Request For Payment SUBMITTED by EMPLOYEE', 'Request For Payment SUBMITTED by EMPLOYEE'), ('Request For Payment APPROVED by ADMINISTRATION', '>>'), ('>>', None), ('Request For Payment REJECTED by SUPERVISOR', '>>'), ('Request For Payment REJECTED by EMPLOYEE', 'Request For Payment REJECTED by EMPLOYEE'), ('>>', None), ('>>', None), ('>>', None), ('>>', None), ('>>', None), ('>>', None), ('>>', None), ('>>', None)]",0.007874874999999948,0.007115918000000221,0.000845246000001465,23,68,112,76,36,0,11,0,0,0,4,15
0.00040673730905756866,0,"['n27', 'n29', 'n30', 'n28', 'n38', 'n39', 'n41', 'n43', 'n44', 'n42', 'n46', 'n52', 'n53', 'n56', 'n57']","[('>>', None), ('Request For Payment SUBMITTED by EMPLOYEE', 'Request For Payment SUBMITTED by EMPLOYEE'), ('>>', None), ('>>', None), ('Request For Payment APPROVED by ADMINISTRATION', 'Request For Payment APPROVED by ADMINISTRATION'), ('>>', None), ('>>', None), ('Request For Payment FINAL_APPROVED by SUPERVISOR', 'Request For Payment FINAL_APPROVED by SUPERVISOR'), ('>>', None), ('>>', None), ('>>', None), ('Request Payment', 'Request Payment'), ('>>', None), ('Payment Handled', 'Payment Handled'), ('>>', None)]",0.0023920000000001718,0.0018882510000000075,0.0007137900000002695,17,55,80,58,22,0,3,0,0,0,5,15
0.0004067853451462286,0,"['n27', 'n29', 'n30', 'n28', 'n38', 'n40', 'n41', 'n43', 'n44', 'n42', 'n46', 'n52', 'n53', 'n56', 'n57']","[('>>', None), ('Request For Payment SUBMITTED by EMPLOYEE', 'Request For Payment SUBMITTED by EMPLOYEE'), ('>>', None), ('>>', None), ('Request For Payment APPROVED by ADMINISTRATION', 'Request For Payment APPROVED by ADMINISTRATION'), ('Request For Payment APPROVED by BUDGET OWNER', 'Request For Payment APPROVED by BUDGET OWNER'), ('>>', None), ('Request For Payment FINAL_APPROVED by SUPERVISOR', 'Request For Payment FINAL_APPROVED by SUPERVISOR'), ('>>', None), ('>>', None), ('>>', None), ('Request Payment', 'Request Payment'), ('>>', None), ('Payment Handled', 'Payment Handled'), ('>>', None)]",0.0024637910000000485,0.001960584999999959,0.0007035389999991981,17,56,81,59,22,0,3,0,0,0,6,15
5.530651156014158e-05,0,"['n27', 'n31', 'n29', 'n35', 'n33', 'n32', 'n28', 'n36', 'n46', 'n51', 'n53', 'n55', 'n57']","[('>>', None), ('>>', None), ('Request For Payment SUBMITTED by EMPLOYEE', 'Request For Payment SUBMITTED by EMPLOYEE'), ('Request For Payment REJECTED by ADMINISTRATION', 'Request For Payment REJECTED by ADMINISTRATION'), ('Request For Payment REJECTED by EMPLOYEE', 'Request For Payment REJECTED by EMPLOYEE'), ('>>', None), ('>>', None), ('>>', None), ('>>', None), ('>>', None), ('>>', None), ('>>', None), ('>>', None)]",0.002229208000000149,0.001837585000000086,0.0006680400000000919,14,40,61,43,18,0,3,0,0,0,3,13
3.740364962206497e-06,3,"['n27', 'n29', 'n31', 'n33', 'n34', 'n32', 'n28', 'n38', 'n39', 'n41', 'n43', 'n44', 'n42', 'n46', 'n52', 'n53', 'n56', 'n57']","[('>>', None), ('Request For Payment SUBMITTED by EMPLOYEE', 'Request For Payment SUBMITTED by EMPLOYEE'), ('Request For Payment APPROVED by ADMINISTRATION', '>>'), ('>>', None), ('Request For Payment REJECTED by SUPERVISOR', '>>'), ('Request For Payment REJECTED by EMPLOYEE', 'Request For Payment REJECTED by EMPLOYEE'), ('>>', None), ('>>', None), ('>>', None), ('Request For Payment SUBMITTED by EMPLOYEE', '>>'), ('Request For Payment APPROVED by ADMINISTRATION', 'Request For Payment APPROVED by ADMINISTRATION'), ('>>', None), ('>>', None), ('Request For Payment FINAL_APPROVED by SUPERVISOR', 'Request For Payment FINAL_APPROVED by SUPERVISOR'), ('>>', None), ('>>', None), ('>>', None), ('Request Payment', 'Request Payment'), ('>>', None), ('Payment Handled', 'Payment Handled'), ('>>', None)]",0.03479224999999997,0.03240324999999955,0.0011150340000001258,60,201,380,242,138,0,50,0,0,0,9,21
8.409475713026246e-06,1,"['n27', 'n29', 'n31', 'n35', 'n33', 'n32', 'n28', 'n38', 'n40', 'n41', 'n43', 'n44', 'n42', 'n46', 'n52', 'n53', 'n56', 'n57']","[('>>', None), ('Request For Payment SUBMITTED by EMPLOYEE', 'Request For Payment SUBMITTED by EMPLOYEE'), ('>>', None), ('Request For Payment REJECTED by ADMINISTRATION', 'Request For Payment REJECTED by ADMINISTRATION'), ('Request For Payment REJECTED by EMPLOYEE', 'Request For Payment REJECTED by EMPLOYEE'), ('Request For Payment SUBMITTED by EMPLOYEE', '>>'), ('>>', None), ('>>', None), ('Request For Payment APPROVED by ADMINISTRATION', 'Request For Payment APPROVED by ADMINISTRATION'), ('Request For Payment APPROVED by BUDGET OWNER', 'Request For Payment APPROVED by BUDGET OWNER'), ('>>', None), ('Request For Payment FINAL_APPROVED by SUPERVISOR', 'Request For Payment FINAL_APPROVED by SUPERVISOR'), ('>>', None), ('>>', None), ('>>', None), ('Request Payment', 'Request Payment'), ('>>', None), ('Payment Handled', 'Payment Handled'), ('>>', None)]",0.024222041999999888,0.022619457999999648,0.000962292000001197,41,141,256,171,85,0,36,0,0,0,9,19
6.774569159558936e-07,8,"['n27', 'n31', 'n33', 'n34', 'n29', 'n32', 'n28', 'n38', 'n40', 'n41', 'n43', 'n44', 'n42', 'n46', 'n52', 'n53', 'n56', 'n57']","[('Request For Payment SUBMITTED by EMPLOYEE', '>>'), ('>>', None), ('Request For Payment APPROVED by ADMINISTRATION', '>>'), ('Request For Payment APPROVED by BUDGET OWNER', '>>'), ('>>', None), ('Request For Payment REJECTED by SUPERVISOR', '>>'), ('Request For Payment REJECTED by EMPLOYEE', 'Request For Payment REJECTED by EMPLOYEE'), ('>>', None), ('Request For Payment SUBMITTED by EMPLOYEE', 'Request For Payment SUBMITTED by EMPLOYEE'), ('>>', None), ('>>', None), ('Request For Payment APPROVED by ADMINISTRATION', 'Request For Payment APPROVED by ADMINISTRATION'), ('Request For Payment APPROVED by BUDGET OWNER', '>>'), ('Request For Payment REJECTED by SUPERVISOR', '>>'), ('Request For Payment SUBMITTED by EMPLOYEE', '>>'), ('Request For Payment APPROVED by ADMINISTRATION', '>>'), ('Request For Payment APPROVED by BUDGET OWNER', 'Request For Payment APPROVED by BUDGET OWNER'), ('>>', None), ('Request For Payment FINAL_APPROVED by SUPERVISOR', 'Request For Payment FINAL_APPROVED by SUPERVISOR'), ('>>', None), ('>>', None), ('>>', None), ('Request Payment', 'Request Payment'), ('>>', None), ('Payment Handled', 'Payment Handled'), ('>>', None)]",0.040933208,0.03760095600000013,0.001262287000000084,90,290,509,329,180,0,53,0,0,0,15,26
0.000147678566822429,1,"['n27', 'n30', 'n29', 'n28', 'n38', 'n40', 'n41', 'n44', 'n43', 'n42', 'n47', 'n49', 'n50', 'n48', 'n52', 'n53', 'n56', 'n57']","[('>>', None), ('>>', None), ('Request For Payment SUBMITTED by EMPLOYEE', 'Request For Payment SUBMITTED by EMPLOYEE'), ('>>', None), ('Request For Payment APPROVED by ADMINISTRATION', 'Request For Payment APPROVED by ADMINISTRATION'), ('Request For Payment APPROVED by BUDGET OWNER', 'Request For Payment APPROVED by BUDGET OWNER'), ('>>', None), ('>>', None), ('>>', 'Request For Payment FINAL_APPROVED by SUPERVISOR'), ('>>', None), ('>>', None), ('Request For Payment APPROVED by SUPERVISOR', 'Request For Payment APPROVED by SUPERVISOR'), ('Request For Payment FINAL_APPROVED by DIRECTOR', 'Request For Payment FINAL_APPROVED by DIRECTOR'), ('>>', None), ('Request Payment', 'Request Payment'), ('>>', None), ('Payment Handled', 'Payment Handled'), ('>>', None)]",0.013277082999999967,0.012548668999999846,0.0008149570000020034,20,63,121,80,41,0,19,0,0,0,7,18
7.783104747637228e-06,3,"['n27', 'n29', 'n31', 'n34', 'n33', 'n32', 'n28', 'n38', 'n40', 'n41', 'n43', 'n44', 'n42', 'n46', 'n52', 'n53', 'n56', 'n57']","[('>>', None), ('Request For Payment SUBMITTED by EMPLOYEE', 'Request For Payment SUBMITTED by EMPLOYEE'), ('Request For Payment APPROVED by ADMINISTRATION', '>>'), ('>>', None), ('Request For Payment REJECTED by BUDGET OWNER', '>>'), ('>>', None), ('Request For Payment REJECTED by EMPLOYEE', 'Request For Payment REJECTED by EMPLOYEE'), ('Request For Payment SUBMITTED by EMPLOYEE', '>>'), ('>>', None), ('>>', None), ('Request For Payment APPROVED by ADMINISTRATION', 'Request For Payment APPROVED by ADMINISTRATION'), ('Request For Payment APPROVED by BUDGET OWNER', 'Request For Payment APPROVED by BUDGET OWNER'), ('>>', None), ('Request For Payment FINAL_APPROVED by SUPERVISOR', 'Request For Payment FINAL_APPROVED by SUPERVISOR'), ('>>', None), ('>>', None), ('>>', None), ('Request Payment', 'Request Payment'), ('>>', None), ('Payment Handled', 'Payment Handled'), ('>>', None)]",0.030099832999999965,0.02796816300000038,0.0010322449999997652,54,182,304,199,105,0,43,0,0,0,10,21
3.3607966543758294e-06,4,"['n27', 'n31', 'n34', 'n33', 'n29', 'n32', 'n28', 'n36', 'n47', 'n49', 'n50', 'n48', 'n52', 'n53', 'n56', 'n57']","[('Request For Payment SUBMITTED by EMPLOYEE', '>>'), ('>>', None), ('Request For Payment APPROVED by ADMINISTRATION', '>>'), ('>>', None), ('>>', None), ('Request For Payment REJECTED by SUPERVISOR', '>>'), ('Request For Payment REJECTED by EMPLOYEE', 'Request For Payment REJECTED by EMPLOYEE'), ('Request For Payment SUBMITTED by EMPLOYEE', 'Request For Payment SUBMITTED by EMPLOYEE'), ('>>', None), ('>>', None), ('>>', None), ('Request For Payment APPROVED by ADMINISTRATION', '>>'), ('>>', None), ('Request For Payment APPROVED by SUPERVISOR', 'Request For Payment APPROVED by SUPERVISOR'), ('Request For Payment FINAL_APPROVED by DIRECTOR', 'Request For Payment FINAL_APPROVED by DIRECTOR'), ('>>', None), ('Request Payment', 'Request Payment'), ('>>', None), ('Payment Handled', 'Payment Handled'), ('>>', None)]",0.008709500000000148,0.007274372000000362,0.0009335490000002,42,144,215,153,62,0,11,0,0,0,10,20
8.474369506148927e-06,9,"['n27', 'n29', 'n31', 'n33', 'n34', 'n32', 'n28', 'n38', 'n40', 'n41', 'n44', 'n43', 'n42', 'n46', 'n52', 'n53', 'n56', 'n57']","[('>>', None), ('Request For Payment SUBMITTED by EMPLOYEE', 'Request For Payment SUBMITTED by EMPLOYEE'), ('>>', None), ('Request For Payment APPROVED by ADMINISTRATION', '>>'), ('Request For Payment APPROVED by BUDGET OWNER', '>>'), ('Request For Payment REJECTED by SUPERVISOR', '>>'), ('Request For Payment REJECTED by EMPLOYEE', 'Request For Payment REJECTED by EMPLOYEE'), ('Request For Payment SUBMITTED by EMPLOYEE', '>>'), ('Request For Payment APPROVED by ADMINISTRATION', '>>'), ('Request For Payment APPROVED by BUDGET OWNER', '>>'), ('>>', None), ('>>', None), ('Request For Payment REJECTED by SUPERVISOR', '>>'), ('Request For Payment REJECTED by EMPLOYEE', '>>'), ('Request For Payment SUBMITTED by EMPLOYEE', '>>'), ('>>', None), ('Request For Payment APPROVED by ADMINISTRATION', 'Request For Payment APPROVED by ADMINISTRATION'), ('Request For Payment APPROVED by BUDGET OWNER', 'Request For Payment APPROVED by BUDGET OWNER'), ('>>', None), ('>>', None), ('Request For Payment FINAL_APPROVED by SUPERVISOR', 'Request For Payment FINAL_APPROVED by SUPERVISOR'), ('>>', None), ('>>', None), ('Request Payment', 'Request Payment'), ('>>', None), ('Payment Handled', 'Payment Handled'), ('>>', None)]",0.14018783299999993,0.13087637099999938,0.0024282979999918908,209,661,1279,770,509,0,188,0,0,0,16,27
4.0418604319064425e-06,4,"['n27', 'n29', 'n31', 'n33', 'n35', 'n32', 'n28', 'n38', 'n40', 'n41', 'n43', 'n44', 'n42', 'n46', 'n52', 'n53', 'n56', 'n57']","[('>>', None), ('Request For Payment SUBMITTED by EMPLOYEE', 'Request For Payment SUBMITTED by EMPLOYEE'), ('Request For Payment REJECTED by ADMINISTRATION', '>>'), ('>>', None), ('Request For Payment REJECTED by EMPLOYEE', 'Request For Payment REJECTED by EMPLOYEE'), ('Request For Payment SUBMITTED by EMPLOYEE', '>>'), ('Request For Payment REJECTED by ADMINISTRATION', 'Request For Payment REJECTED by ADMINISTRATION'), ('Request For Payment REJECTED by EMPLOYEE', '>>'), ('Request For Payment SUBMITTED by EMPLOYEE', '>>'), ('>>', None), ('>>', None), ('Request For Payment APPROVED by ADMINISTRATION', 'Request For Payment APPROVED by ADMINISTRATION'), ('Request For Payment APPROVED by BUDGET OWNER', 'Request For Payment APPROVED by BUDGET OWNER'), ('>>', None), ('Request For Payment FINAL_APPROVED by SUPERVISOR', 'Request For Payment FINAL_APPROVED by SUPERVISOR'), ('>>', None), ('>>', None), ('>>', None), ('Request Payment', 'Request Payment'), ('>>', None), ('Payment Handled', 'Payment Handled'), ('>>', None)]",0.02341187499999986,0.020568791999999947,0.001152838999999961,76,262,399,281,118,0,30,0,0,0,12,22
0.0009215101664131614,3,"['n27', 'n29', 'n30', 'n28', 'n38', 'n40', 'n41', 'n44', 'n43', 'n42', 'n46', 'n51', 'n53', 'n55', 'n57']","[('>>', None), ('Request For Payment SUBMITTED by EMPLOYEE', 'Request For Payment SUBMITTED by EMPLOYEE'), ('>>', None), ('>>', None), ('Request For Payment APPROVED by ADMINISTRATION', 'Request For Payment APPROVED by ADMINISTRATION'), ('Request For Payment APPROVED by BUDGET OWNER', 'Request For Payment APPROVED by BUDGET OWNER'), ('>>', None), ('>>', None), ('>>', 'Request For Payment FINAL_APPROVED by SUPERVISOR'), ('>>', None), ('>>', None), ('Request For Payment REJECTED by SUPERVISOR', '>>'), ('>>', None), ('>>', None), ('>>', None), ('>>', None), ('Request For Payment REJECTED by EMPLOYEE', '>>')]",0.02468841700000013,0.022857543000000646,0.0009445420000016025,58,161,292,176,116,0,37,0,0,0,5,17
0.0013281804705758528,1,"['n27', 'n29', 'n30', 'n28', 'n36', 'n47', 'n49', 'n50', 'n48', 'n52', 'n53', 'n56', 'n57']","[('>>', None), ('Request For Payment SUBMITTED by EMPLOYEE', 'Request For Payment SUBMITTED by EMPLOYEE'), ('>>', None), ('Request For Payment APPROVED by ADMINISTRATION', '>>'), ('>>', None), ('>>', None), ('>>', None), ('Request For Payment APPROVED by SUPERVISOR', 'Request For Payment APPROVED by SUPERVISOR'), ('Request For Payment FINAL_APPROVED by DIRECTOR', 'Request For Payment FINAL_APPROVED by DIRECTOR'), ('>>', None), ('Request Payment', 'Request Payment'), ('>>', None), ('Payment Handled', 'Payment Handled'), ('>>', None)]",0.00321979200000011,0.0026952909999999886,0.0007655400000001755,17,55,83,59,24,0,4,0,0,0,6,14
1.763173314511401e-05,3,"['n27', 'n29', 'n31', 'n34', 'n33', 'n32', 'n28', 'n38', 'n40', 'n41', 'n44', 'n43', 'n42', 'n46', 'n52', 'n53', 'n56', 'n57']","[('>>', None), ('Request For Payment SUBMITTED by EMPLOYEE', 'Request For Payment SUBMITTED by EMPLOYEE'), ('>>', None), ('Request For Payment APPROVED by ADMINISTRATION', '>>'), ('>>', None), ('Request For Payment REJECTED by SUPERVISOR', '>>'), ('Request For Payment REJECTED by EMPLOYEE', 'Request For Payment REJECTED by EMPLOYEE'), ('>>', None), ('>>', None), ('Request For Payment SUBMITTED by EMPLOYEE', '>>'), ('Request For Payment APPROVED by ADMINISTRATION', 'Request For Payment APPROVED by ADMINISTRATION'), ('Request For Payment APPROVED by BUDGET OWNER', 'Request For Payment APPROVED by BUDGET OWNER'), ('>>', None), ('>>', None), ('Request For Payment FINAL_APPROVED by SUPERVISOR', 'Request For Payment FINAL_APPROVED by SUPERVISOR'), ('>>', None), ('>>', None), ('Request Payment', 'Request Payment'), ('>>', None), ('Payment Handled', 'Payment Handled'), ('>>', None)]",0.027237999999999873,0.025242668000000412,0.0010129100000000335,52,179,315,200,115,0,39,0,0,0,10,21
9.18145183575238e-05,3,"['n27', 'n29', 'n31', 'n33', 'n35', 'n32', 'n28', 'n36', 'n46', 'n51', 'n53', 'n55', 'n57']","[('>>', None), ('Request For Payment SUBMITTED by EMPLOYEE', 'Request For Payment SUBMITTED by EMPLOYEE'), ('Request For Payment REJECTED by ADMINISTRATION', '>>'), ('>>', None), ('Request For Payment REJECTED by EMPLOYEE', 'Request For Payment REJECTED by EMPLOYEE'), ('Request For Payment SUBMITTED by EMPLOYEE', '>>'), ('Request For Payment REJECTED by ADMINISTRATION', 'Request For Payment REJECTED by ADMINISTRATION'), ('>>', None), ('>>', None), ('>>', None), ('>>', None), ('>>', None), ('>>', None), ('>>', None), ('Request For Payment REJECTED by EMPLOYEE', '>>'), ('>>', None)]",0.043771875000000016,0.040536418000000074,0.0011824269999962667,78,248,463,292,171,0,64,0,0,0,6,16
2.058334512352521e-06,4,"['n27', 'n31', 'n34', 'n33', 'n32', 'n29', 'n28', 'n38', 'n39', 'n41', 'n43', 'n44', 'n42', 'n46', 'n52', 'n53', 'n56', 'n57']","[('Request For Payment SUBMITTED by EMPLOYEE', '>>'), ('>>', None), ('Request For Payment APPROVED by ADMINISTRATION', '>>'), ('>>', None), ('>>', None), ('Request For Payment APPROVED by BUDGET OWNER', '>>'), ('Request For Payment REJECTED by SUPERVISOR', '>>'), ('Request For Payment REJECTED by EMPLOYEE', 'Request For Payment REJECTED by EMPLOYEE'), ('>>', None), ('Request For Payment SUBMITTED by EMPLOYEE', 'Request For Payment SUBMITTED by EMPLOYEE'), ('>>', None), ('Request For Payment APPROVED by ADMINISTRATION', 'Request For Payment APPROVED by ADMINISTRATION'), ('>>', None), ('>>', None), ('Request For Payment FINAL_APPROVED by SUPERVISOR', 'Request For Payment FINAL_APPROVED by SUPERVISOR'), ('>>', None), ('>>', None), ('>>', None), ('Request Payment', 'Request Payment'), ('>>', None), ('Payment Handled', 'Payment Handled'), ('>>', None)]",0.04490016599999991,0.042038670000001055,0.001184207999997966,69,229,431,268,163,0,63,0,0,0,10,22
8.474369506148927e-06,8,"['n27', 'n29', 'n31', 'n33', 'n34', 'n32', 'n28', 'n38', 'n40', 'n41', 'n44', 'n43', 'n42', 'n46', 'n52', 'n53', 'n56', 'n57']","[('>>', None), ('Request For Payment SUBMITTED by EMPLOYEE', 'Request For Payment SUBMITTED by EMPLOYEE'), ('Request For Payment APPROVED by ADMINISTRATION', '>>'), ('Request For Payment APPROVED by BUDGET OWNER', '>>'), ('Request For Payment REJECTED by SUPERVISOR', '>>'), ('>>', None), ('Request For Payment REJECTED by EMPLOYEE', 'Request For Payment REJECTED by EMPLOYEE'), ('>>', None), ('Request For Payment SUBMITTED by EMPLOYEE', '>>'), ('>>', None), ('>>', None), ('Request For Payment APPROVED by ADMINISTRATION', 'Request For Payment APPROVED by ADMINISTRATION'), ('Request For Payment APPROVED by BUDGET OWNER', 'Request For Payment APPROVED by BUDGET OWNER'), ('>>', None), ('>>', None), ('Request For Payment REJECTED by SUPERVISOR', '>>'), ('Request For Payment REJECTED by EMPLOYEE', '>>'), ('Request For Payment SUBMITTED by EMPLOYEE', '>>'), ('Request For Payment APPROVED by ADMINISTRATION', '>>'), ('Request For Payment FINAL_APPROVED by SUPERVISOR', 'Request For Payment FINAL_APPROVED by SUPERVISOR'), ('>>', None), ('>>', None), ('Request Payment', 'Request Payment'), ('>>', None), ('Payment Handled', 'Payment Handled'), ('>>', None)]",0.08404979200000007,0.0789083770000012,0.001704055999998344,112,358,740,437,303,0,112,0,0,0,15,26
5.1187064139113416e-05,2,"['n27', 'n31', 'n29', 'n34', 'n33', 'n32', 'n28', 'n36', 'n46', 'n51', 'n53', 'n55', 'n57']","[('>>', None), ('>>', None), ('Request For Payment SUBMITTED by EMPLOYEE', 'Request For Payment SUBMITTED by EMPLOYEE'), ('>>', None), ('Request For Payment APPROVED by ADMINISTRATION', '>>'), ('Request For Payment REJECTED by BUDGET OWNER', '>>'), ('Request For Payment REJECTED by EMPLOYEE', 'Request For Payment REJECTED by EMPLOYEE'), ('>>', None), ('>>', None), ('>>', None), ('>>', None), ('>>', None), ('>>', None), ('>>', None), ('>>', None)]",0.010363542000000114,0.009515253000000445,0.0008585849999995787,24,69,129,82,47,0,15,0,0,0,4,15
7.783104747637228e-06,4,"['n27', 'n29', 'n31', 'n34', 'n33', 'n32', 'n28', 'n38', 'n40', 'n41', 'n43', 'n44', 'n42', 'n46', 'n52', 'n53', 'n56', 'n57']","[('>>', None), ('Request For Payment SUBMITTED by EMPLOYEE', 'Request For Payment SUBMITTED by EMPLOYEE'), ('Request For Payment APPROVED by ADMINISTRATION', '>>'), ('>>', None), ('Request For Payment APPROVED by BUDGET OWNER', '>>'), ('>>', None), ('Request For Payment REJECTED by SUPERVISOR', '>>'), ('Request For Payment REJECTED by EMPLOYEE', 'Request For Payment REJECTED by EMPLOYEE'), ('Request For Payment SUBMITTED by EMPLOYEE', '>>'), ('>>', None), ('>>', None), ('Request For Payment APPROVED by ADMINISTRATION', 'Request For Payment APPROVED by ADMINISTRATION'), ('Request For Payment APPROVED by BUDGET OWNER', 'Request For Payment APPROVED by BUDGET OWNER'), ('>>', None), ('Request For Payment FINAL_APPROVED by SUPERVISOR', 'Request For Payment FINAL_APPROVED by SUPERVISOR'), ('>>', None), ('>>', None), ('>>', None), ('Request Payment', 'Request Payment'), ('>>', None), ('Payment Handled', 'Payment Handled'), ('>>', None)]",0.04241450000000002,0.039789959000000374,0.0012352140000007061,58,199,371,232,139,0,57,0,0,0,11,22
1.7629651065445473e-05,3,"['n27', 'n29', 'n31', 'n34', 'n33', 'n32', 'n28', 'n38', 'n39', 'n41', 'n44', 'n43', 'n42', 'n46', 'n52', 'n53', 'n56', 'n57']","[('>>', None), ('Request For Payment SUBMITTED by EMPLOYEE', 'Request For Payment SUBMITTED by EMPLOYEE'), ('>>', None), ('>>', None), ('Request For Payment APPROVED by ADMINISTRATION', '>>'), ('Request For Payment REJECTED by BUDGET OWNER', '>>'), ('Request For Payment REJECTED by EMPLOYEE', 'Request For Payment REJECTED by EMPLOYEE'), ('Request For Payment SUBMITTED by EMPLOYEE', '>>'), ('>>', None), ('>>', None), ('Request For Payment APPROVED by ADMINISTRATION', 'Request For Payment APPROVED by ADMINISTRATION'), ('>>', None), ('>>', None), ('>>', None), ('Request For Payment FINAL_APPROVED by SUPERVISOR', 'Request For Payment FINAL_APPROVED by SUPERVISOR'), ('>>', None), ('>>', None), ('Request Payment', 'Request Payment'), ('>>', None), ('Payment Handled', 'Payment Handled'), ('>>', None)]",0.01435149999999985,0.012677376000000073,0.0010405050000004135,47,159,243,166,77,0,19,0,0,0,9,21
3.316321707730629e-06,5,"['n27', 'n31', 'n33', 'n35', 'n32', 'n29', 'n28', 'n38', 'n40', 'n41', 'n44', 'n43', 'n42', 'n46', 'n52', 'n53', 'n56', 'n57']","[('Request For Payment SUBMITTED by EMPLOYEE', '>>'), ('>>', None), ('Request For Payment REJECTED by ADMINISTRATION', '>>'), ('>>', None), ('Request For Payment REJECTED by EMPLOYEE', 'Request For Payment REJECTED by EMPLOYEE'), ('Request For Payment SUBMITTED by EMPLOYEE', '>>'), ('Request For Payment REJECTED by ADMINISTRATION', 'Request For Payment REJECTED by ADMINISTRATION'), ('Request For Payment SUBMITTED by EMPLOYEE', '>>'), ('>>', None), ('Request For Payment FOR_APPROVAL by ADMINISTRATION', '>>'), ('Request For Payment SUBMITTED by EMPLOYEE', 'Request For Payment SUBMITTED by EMPLOYEE'), ('>>', None), ('Request For Payment APPROVED by ADMINISTRATION', 'Request For Payment APPROVED by ADMINISTRATION'), ('Request For Payment APPROVED by BUDGET OWNER', 'Request For Payment APPROVED by BUDGET OWNER'), ('>>', None), ('>>', None), ('Request For Payment FINAL_APPROVED by SUPERVISOR', 'Request For Payment FINAL_APPROVED by SUPERVISOR'), ('>>', None), ('>>', None), ('Request Payment', 'Request Payment'), ('>>', None), ('Payment Handled', 'Payment Handled'), ('>>', None)]",0.05097620800000002,0.048037117999998546,0.0013007920000014384,68,228,443,274,169,0,71,0,0,0,13,23
7.783104747637228e-06,8,"['n27', 'n29', 'n31', 'n34', 'n33', 'n32', 'n28', 'n38', 'n40', 'n41', 'n43', 'n44', 'n42', 'n46', 'n52', 'n53', 'n56', 'n57']","[('>>', None), ('Request For Payment SUBMITTED by EMPLOYEE', 'Request For Payment SUBMITTED by EMPLOYEE'), ('Request For Payment APPROVED by ADMINISTRATION', '>>'), ('Request For Payment REJECTED by SUPERVISOR', '>>'), ('>>', None), ('>>', None), ('Request For Payment REJECTED by EMPLOYEE', 'Request For Payment REJECTED by EMPLOYEE'), ('>>', None), ('>>', None), ('Request For Payment SUBMITTED by EMPLOYEE', '>>'), ('Request For Payment APPROVED by ADMINISTRATION', '>>'), ('Request For Payment APPROVED by BUDGET OWNER', '>>'), ('Request For Payment REJECTED by SUPERVISOR', '>>'), ('Request For Payment REJECTED by EMPLOYEE', '>>'), ('Request For Payment SUBMITTED by EMPLOYEE', '>>'), ('Request For Payment APPROVED by ADMINISTRATION', 'Request For Payment APPROVED by ADMINISTRATION'), ('Request For Payment APPROVED by BUDGET OWNER', 'Request For Payment APPROVED by BUDGET OWNER'), ('>>', None), ('Request For Payment FINAL_APPROVED by SUPERVISOR', 'Request For Payment FINAL_APPROVED by SUPERVISOR'), ('>>', None), ('>>', None), ('>>', None), ('Request Payment', 'Request Payment'), ('>>', None), ('Payment Handled', 'Payment Handled'), ('>>', None)]",0.10831820800000025,0.10053928700000081,0.002120850999996593,169,543,1041,623,418,0,141,0,0,0,15,26
8.408482662696989e-06,4,"['n27', 'n29', 'n31', 'n35', 'n33', 'n32', 'n28', 'n38', 'n39', 'n41', 'n43', 'n44', 'n42', 'n46', 'n52', 'n53', 'n56', 'n57']","[('>>', None), ('Request For Payment SUBMITTED by EMPLOYEE', '>>'), ('Request For Payment REJECTED by ADMINISTRATION', '>>'), ('Request For Payment REJECTED by EMPLOYEE', '>>'), ('Request For Payment SUBMITTED by EMPLOYEE', 'Request For Payment SUBMITTED by EMPLOYEE'), ('>>', None), ('Request For Payment REJECTED by ADMINISTRATION', 'Request For Payment REJECTED by ADMINISTRATION'), ('Request For Payment REJECTED by EMPLOYEE', 'Request For Payment REJECTED by EMPLOYEE'), ('>>', None), ('>>', None), ('Request For Payment SUBMITTED by EMPLOYEE', '>>'), ('Request For Payment APPROVED by ADMINISTRATION', 'Request For Payment APPROVED by ADMINISTRATION'), ('>>', None), ('>>', None), ('Request For Payment FINAL_APPROVED by SUPERVISOR', 'Request For Payment FINAL_APPROVED by SUPERVISOR'), ('>>', None), ('>>', None), ('>>', None), ('Request Payment', 'Request Payment'), ('>>', None), ('Payment Handled', 'Payment Handled'), ('>>', None)]",0.06453720900000004,0.06105608700000209,0.0013505890000002907,78,263,500,312,188,0,91,0,0,0,11,22
0.00040673730905756866,2,"['n27', 'n29', 'n30', 'n28', 'n38', 'n39', 'n41', 'n43', 'n44', 'n42', 'n46', 'n52', 'n53', 'n56', 'n57']","[('>>', None), ('Request For Payment SUBMITTED by EMPLOYEE', 'Request For Payment SUBMITTED by EMPLOYEE'), ('Request For Payment REJECTED by ADMINISTRATION', '>>'), ('>>', None), ('Request For Payment SUBMITTED by EMPLOYEE', '>>'), ('>>', None), ('Request For Payment APPROVED by ADMINISTRATION', 'Request For Payment APPROVED by ADMINISTRATION'), ('>>', None), ('>>', None), ('Request For Payment FINAL_APPROVED by SUPERVISOR', 'Request For Payment FINAL_APPROVED by SUPERVISOR'), ('>>', None), ('>>', None), ('>>', None), ('Request Payment', 'Request Payment'), ('>>', None), ('Payment Handled', 'Payment Handled'), ('>>', None)]",0.018691040999999853,0.017110289000000556,0.0009851239999996153,39,135,223,151,72,0,26,0,0,0,7,17
2.5194666779117144e-06,5,"['n27', 'n31', 'n35', 'n33', 'n29', 'n32', 'n28', 'n38', 'n40', 'n41', 'n44', 'n43', 'n42', 'n46', 'n52', 'n53', 'n56', 'n57']","[('>>', None), ('>>', None), ('Request For Payment SUBMITTED by EMPLOYEE', '>>'), ('Request For Payment REJECTED by ADMINISTRATION', 'Request For Payment REJECTED by ADMINISTRATION'), ('Request For Payment REJECTED by EMPLOYEE', 'Request For Payment REJECTED by EMPLOYEE'), ('Request For Payment SUBMITTED by EMPLOYEE', 'Request For Payment SUBMITTED by EMPLOYEE'), ('Request For Payment APPROVED by ADMINISTRATION', '>>'), ('Request For Payment REJECTED by BUDGET OWNER', '>>'), ('Request For Payment REJECTED by EMPLOYEE', '>>'), ('>>', None), ('Request For Payment SUBMITTED by EMPLOYEE', '>>'), ('>>', None), ('Request For Payment APPROVED by ADMINISTRATION', 'Request For Payment APPROVED by ADMINISTRATION'), ('Request For Payment APPROVED by BUDGET OWNER', 'Request For Payment APPROVED by BUDGET OWNER'), ('>>', None), ('>>', None), ('Request For Payment FINAL_APPROVED by SUPERVISOR', 'Request For Payment FINAL_APPROVED by SUPERVISOR'), ('>>', None), ('>>', None), ('Request Payment', 'Request Payment'), ('>>', None), ('Payment Handled', 'Payment Handled'), ('>>', None)]",0.05309350000000013,0.049895581999999106,0.0012544199999968697,80,245,485,302,183,0,75,0,0,0,13,23
9.18145183575238e-05,4,"['n27', 'n29', 'n31', 'n33', 'n35', 'n32', 'n28', 'n36', 'n46', 'n51', 'n53', 'n55', 'n57']","[('>>', None), ('Request For Payment SUBMITTED by EMPLOYEE', 'Request For Payment SUBMITTED by EMPLOYEE'), ('Request For Payment APPROVED by ADMINISTRATION', '>>'), ('>>', None), ('Request For Payment REJECTED by SUPERVISOR', '>>'), ('Request For Payment REJECTED by EMPLOYEE', 'Request For Payment REJECTED by EMPLOYEE'), ('Request For Payment SUBMITTED by EMPLOYEE', '>>'), ('Request For Payment REJECTED by ADMINISTRATION', 'Request For Payment REJECTED by ADMINISTRATION'), ('>>', None), ('>>', None), ('>>', None), ('>>', None), ('>>', None), ('>>', None), ('Request For Payment REJECTED by EMPLOYEE', '>>'), ('>>', None), ('>>', None)]",0.014143790999999961,0.012664458999999795,0.000918451000000875,45,149,235,161,74,0,20,0,0,0,7,17
1.9102885298456818e-05,0,"['n27', 'n29', 'n31', 'n35', 'n33', 'n32', 'n28', 'n36', 'n46', 'n51', 'n53', 'n55', 'n58']","[('>>', None), ('Request For Payment SUBMITTED by EMPLOYEE', 'Request For Payment SUBMITTED by EMPLOYEE'), ('>>', None), ('Request For Payment REJECTED by ADMINISTRATION', 'Request For Payment REJECTED by ADMINISTRATION'), ('Request For Payment REJECTED by EMPLOYEE', 'Request For Payment REJECTED by EMPLOYEE'), ('>>', None), ('>>', None), ('>>', None), ('>>', None), ('>>', None), ('>>', None), ('>>', None), ('Request For Payment SAVED by EMPLOYEE', 'Request For Payment SAVED by EMPLOYEE')]",0.0012623749999995937,0.0007926249999998802,0.0008277900000028815,14,49,66,50,16,0,1,0,0,0,4,13
0.0103026972963765,3,"['n27', 'n30', 'n29', 'n28', 'n36', 'n46', 'n51', 'n53', 'n55', 'n57']","[('>>', None), ('>>', None), ('Request For Payment SUBMITTED by EMPLOYEE', 'Request For Payment SUBMITTED by EMPLOYEE'), ('>>', None), ('>>', None), ('>>', None), ('Request For Payment REJECTED by ADMINISTRATION', '>>'), ('Request For Payment SUBMITTED by EMPLOYEE', '>>'), ('>>', None), ('>>', None), ('>>', None), ('>>', None), ('Request For Payment REJECTED by ADMINISTRATION', '>>')]",0.009899750000000207,0.008681539999999544,0.000878412000002271,39,126,194,131,63,0,14,0,0,0,4,13
3.605038621839327e-06,5,"['n27', 'n31', 'n35', 'n29', 'n33', 'n32', 'n28', 'n38', 'n40', 'n41', 'n43', 'n44', 'n42', 'n46', 'n52', 'n53', 'n56', 'n57']","[('>>', None), ('Request For Payment SUBMITTED by EMPLOYEE', '>>'), ('>>', None), ('Request For Payment REJECTED by ADMINISTRATION', 'Request For Payment REJECTED by ADMINISTRATION'), ('Request For Payment REJECTED by EMPLOYEE', '>>'), ('Request For Payment SUBMITTED by EMPLOYEE', 'Request For Payment SUBMITTED by EMPLOYEE'), ('Request For Payment APPROVED by ADMINISTRATION', '>>'), ('Request For Payment REJECTED by SUPERVISOR', '>>'), ('Request For Payment REJECTED by EMPLOYEE', 'Request For Payment REJECTED by EMPLOYEE'), ('>>', None), ('Request For Payment SUBMITTED by EMPLOYEE', '>>'), ('>>', None), ('Request For Payment APPROVED by ADMINISTRATION', 'Request For Payment APPROVED by ADMINISTRATION'), ('Request For Payment APPROVED by BUDGET OWNER', 'Request For Payment APPROVED by BUDGET OWNER'), ('>>', None), ('Request For Payment FINAL_APPROVED by SUPERVISOR', 'Request For Payment FINAL_APPROVED by SUPERVISOR'), ('>>', None), ('>>', None), ('>>', None), ('Request Payment', 'Request Payment'), ('>>', None), ('Payment Handled', 'Payment Handled'), ('>>', None)]",0.013155291999999985,0.011741416999999643,0.0009375829999926921,40,134,209,149,60,0,17,0,0,0,13,23
0.0004067853451462286,2,"['n27', 'n29', 'n30', 'n28', 'n38', 'n40', 'n41', 'n43', 'n44', 'n42', 'n46', 'n52', 'n53', 'n56', 'n57']","[('>>', None), ('Request For Payment SUBMITTED by EMPLOYEE', 'Request For Payment SUBMITTED by EMPLOYEE'), ('Request For Payment REJECTED by ADMINISTRATION', '>>'), ('Request For Payment SUBMITTED by EMPLOYEE', '>>'), ('>>', None), ('>>', None), ('Request For Payment APPROVED by ADMINISTRATION', 'Request For Payment APPROVED by ADMINISTRATION'), ('Request For Payment APPROVED by BUDGET OWNER', 'Request For Payment APPROVED by BUDGET OWNER'), ('>>', None), ('Request For Payment FINAL_APPROVED by SUPERVISOR', 'Request For Payment FINAL_APPROVED by SUPERVISOR'), ('>>', None), ('>>', None), ('>>', None), ('Request Payment', 'Request Payment'), ('>>', None), ('Payment Handled', 'Payment Handled'), ('>>', None)]",0.00932945800000029,0.008314833000000466,0.0008180749999984194,31,100,159,107,52,0,13,0,0,0,8,17
0.00019102885298456817,2,"['n27', 'n29', 'n31', 'n35', 'n33', 'n32', 'n28', 'n36', 'n46', 'n51', 'n53', 'n55', 'n57']","[('Request For Payment SUBMITTED by EMPLOYEE', '>>'), ('>>', None), ('Request For Payment REJECTED by ADMINISTRATION', '>>'), ('Request For Payment SUBMITTED by EMPLOYEE', 'Request For Payment SUBMITTED by EMPLOYEE'), ('>>', None), ('Request For Payment REJECTED by ADMINISTRATION', 'Request For Payment REJECTED by ADMINISTRATION'), ('Request For Payment REJECTED by EMPLOYEE', 'Request For Payment REJECTED by EMPLOYEE'), ('>>', None), ('>>', None), ('>>', None), ('>>', None), ('>>', None), ('>>', None), ('>>', None), ('>>', None)]",0.009521416000000116,0.008592792000000848,0.0007867040000011372,26,88,143,99,44,0,13,0,0,0,5,15
4.041383140459307e-06,6,"['n27', 'n29', 'n31', 'n33', 'n35', 'n32', 'n28', 'n38', 'n39', 'n41', 'n43', 'n44', 'n42', 'n46', 'n52', 'n53', 'n56', 'n57']","[('>>', None), ('Request For Payment SUBMITTED by EMPLOYEE', 'Request For Payment SUBMITTED by EMPLOYEE'), ('>>', None), ('Request For Payment APPROVED by ADMINISTRATION', '>>'), ('Request For Payment APPROVED by BUDGET OWNER', '>>'), ('Request For Payment REJECTED by SUPERVISOR', '>>'), ('Request For Payment REJECTED by EMPLOYEE', 'Request For Payment REJECTED by EMPLOYEE'), ('Request For Payment SUBMITTED by EMPLOYEE', '>>'), ('Request For Payment REJECTED by ADMINISTRATION', 'Request For Payment REJECTED by ADMINISTRATION'), ('Request For Payment REJECTED by EMPLOYEE', '>>'), ('Request For Payment SUBMITTED by EMPLOYEE', '>>'), ('>>', None), ('>>', None), ('Request For Payment APPROVED by ADMINISTRATION', 'Request For Payment APPROVED by ADMINISTRATION'), ('>>', None), ('>>', None), ('Request For Payment FINAL_APPROVED by SUPERVISOR', 'Request For Payment FINAL_APPROVED by SUPERVISOR'), ('>>', None), ('>>', None), ('>>', None), ('Request Payment', 'Request Payment'), ('>>', None), ('Payment Handled', 'Payment Handled'), ('>>', None)]",0.06559916700000024,0.06222536999999839,0.0015405019999961134,71,248,497,307,190,0,92,0,0,0,13,24
0.001032708338917126,3,"['n27', 'n29', 'n30', 'n28', 'n38', 'n39', 'n41', 'n44', 'n43', 'n42', 'n46', 'n51', 'n53', 'n56', 'n57']","[('>>', None), ('Request For Payment SUBMITTED by EMPLOYEE', 'Request For Payment SUBMITTED by EMPLOYEE'), ('>>', None), ('>>', None), ('Request For Payment APPROVED by ADMINISTRATION', 'Request For Payment APPROVED by ADMINISTRATION'), ('>>', None), ('Request For Payment REJECTED by SUPERVISOR', '>>'), ('>>', None), ('Request For Payment SUBMITTED by EMPLOYEE', '>>'), ('>>', None), ('Request For Payment APPROVED by ADMINISTRATION', '>>'), ('Request For Payment FINAL_APPROVED by SUPERVISOR', 'Request For Payment FINAL_APPROVED by SUPERVISOR'), ('>>', None), ('>>', None), ('>>', None), ('>>', None), ('Payment Handled', 'Payment Handled'), ('>>', None)]",0.016276833000000046,0.014408625000000175,0.001136747000002547,55,169,269,174,95,0,22,0,0,0,7,18
1.1121579994989008e-06,8,"['n27', 'n31', 'n35', 'n33', 'n29', 'n32', 'n28', 'n38', 'n40', 'n41', 'n43', 'n44', 'n42', 'n46', 'n52', 'n53', 'n56', 'n57']","[('Request For Payment SUBMITTED by EMPLOYEE', '>>'), ('Request For Payment REJECTED by ADMINISTRATION', '>>'), ('>>', None), ('>>', None), ('Request For Payment REJECTED by EMPLOYEE', '>>'), ('Request For Payment SUBMITTED by EMPLOYEE', '>>'), ('Request For Payment APPROVED by ADMINISTRATION', '>>'), ('Request For Payment REJECTED by BUDGET OWNER', '>>'), ('Request For Payment REJECTED by EMPLOYEE', '>>'), ('Request For Payment SUBMITTED by EMPLOYEE', '>>'), ('Request For Payment REJECTED by ADMINISTRATION', 'Request For Payment REJECTED by ADMINISTRATION'), ('Request For Payment REJECTED by EMPLOYEE', 'Request For Payment REJECTED by EMPLOYEE'), ('Request For Payment SUBMITTED by EMPLOYEE', 'Request For Payment SUBMITTED by EMPLOYEE'), ('>>', None), ('>>', None), ('Request For Payment APPROVED by ADMINISTRATION', 'Request For Payment APPROVED by ADMINISTRATION'), ('Request For Payment APPROVED by BUDGET OWNER', 'Request For Payment APPROVED by BUDGET OWNER'), ('>>', None), ('Request For Payment FINAL_APPROVED by SUPERVISOR', 'Request For Payment FINAL_APPROVED by SUPERVISOR'), ('>>', None), ('>>', None), ('>>', None), ('Request Payment', 'Request Payment'), ('>>', None), ('Payment Handled', 'Payment Handled'), ('>>', None)]",0.0292555000000001,0.026345538000000168,0.0012107070000011433,73,269,420,297,123,0,37,0,0,0,16,26
8.408482662696989e-06,5,"['n27', 'n29', 'n31', 'n35', 'n33', 'n32', 'n28', 'n38', 'n39', 'n41', 'n43', 'n44', 'n42', 'n46', 'n52', 'n53', 'n56', 'n57']","[('Request For Payment SUBMITTED by EMPLOYEE', '>>'), ('Request For Payment REJECTED by ADMINISTRATION', '>>'), ('>>', None), ('Request For Payment REJECTED by EMPLOYEE', '>>'), ('Request For Payment SUBMITTED by EMPLOYEE', 'Request For Payment SUBMITTED by EMPLOYEE'), ('>>', None), ('Request For Payment REJECTED by ADMINISTRATION', 'Request For Payment REJECTED by ADMINISTRATION'), ('Request For Payment SUBMITTED by EMPLOYEE', '>>'), ('Request For Payment REJECTED by EMPLOYEE', 'Request For Payment REJECTED by EMPLOYEE'), ('>>', None), ('Request For Payment SUBMITTED by EMPLOYEE', '>>'), ('>>', None), ('Request For Payment APPROVED by ADMINISTRATION', 'Request For Payment APPROVED by ADMINISTRATION'), ('>>', None), ('>>', None), ('Request For Payment FINAL_APPROVED by SUPERVISOR', 'Request For Payment FINAL_APPROVED by SUPERVISOR'), ('>>', None), ('>>', None), ('>>', None), ('Request Payment', 'Request Payment'), ('>>', None), ('Payment Handled', 'Payment Handled'), ('>>', None)]",0.09595850000000006,0.09130179299999996,0.001641232999999076,95,325,692,422,270,0,136,0,0,0,12,23
8.408482662696989e-06,7,"['n27', 'n29', 'n31', 'n35', 'n33', 'n32', 'n28', 'n38', 'n39', 'n41', 'n43', 'n44', 'n42', 'n46', 'n52', 'n53', 'n56', 'n57']","[('Request For Payment SUBMITTED by EMPLOYEE', '>>'), ('>>', None), ('Request For Payment REJECTED by ADMINISTRATION', '>>'), ('Request For Payment REJECTED by EMPLOYEE', '>>'), ('Request For Payment SUBMITTED by EMPLOYEE', 'Request For Payment SUBMITTED by EMPLOYEE'), ('Request For Payment REJECTED by ADMINISTRATION', '>>'), ('Request For Payment REJECTED by EMPLOYEE', '>>'), ('>>', None), ('Request For Payment SUBMITTED by EMPLOYEE', '>>'), ('Request For Payment REJECTED by ADMINISTRATION', 'Request For Payment REJECTED by ADMINISTRATION'), ('Request For Payment REJECTED by EMPLOYEE', 'Request For Payment REJECTED by EMPLOYEE'), ('Request For Payment SUBMITTED by EMPLOYEE', '>>'), ('>>', None), ('>>', None), ('Request For Payment APPROVED by ADMINISTRATION', 'Request For Payment APPROVED by ADMINISTRATION'), ('>>', None), ('>>', None), ('Request For Payment FINAL_APPROVED by SUPERVISOR', 'Request For Payment FINAL_APPROVED by SUPERVISOR'), ('>>', None), ('>>', None), ('>>', None), ('Request Payment', 'Request Payment'), ('>>', None), ('Payment Handled', 'Payment Handled'), ('>>', None)]",0.07671679200000003,0.07127837299999973,0.0016899760000037567,127,419,748,471,277,0,105,0,0,0,14,25
0.00040673730905756866,4,"['n27', 'n29', 'n30', 'n28', 'n38', 'n39', 'n41', 'n43', 'n44', 'n42', 'n46', 'n52', 'n53', 'n56', 'n57']","[('Request For Payment SUBMITTED by EMPLOYEE', '>>'), ('>>', None), ('Request For Payment REJECTED by ADMINISTRATION', '>>'), ('Request For Payment SUBMITTED by EMPLOYEE', '>>'), ('Request For Payment REJECTED by ADMINISTRATION', '>>'), ('Request For Payment SUBMITTED by EMPLOYEE', 'Request For Payment SUBMITTED by EMPLOYEE'), ('>>', None), ('>>', None), ('Request For Payment APPROVED by ADMINISTRATION', 'Request For Payment APPROVED by ADMINISTRATION'), ('>>', None), ('>>', None), ('Request For Payment FINAL_APPROVED by SUPERVISOR', 'Request For Payment FINAL_APPROVED by SUPERVISOR'), ('>>', None), ('>>', None), ('>>', None), ('Request Payment', 'Request Payment'), ('>>', None), ('Payment Handled', 'Payment Handled'), ('>>', None)]",0.028619916000000245,0.026055291999998786,0.00105699900000511,70,238,386,236,150,0,41,0,0,0,9,19
5.514892613510518e-06,5,"['n27', 'n31', 'n29', 'n35', 'n33', 'n32', 'n28', 'n38', 'n39', 'n41', 'n44', 'n43', 'n42', 'n46', 'n52', 'n53', 'n56', 'n57']","[('Request For Payment SUBMITTED by EMPLOYEE', '>>'), ('>>', None), ('Request For Payment APPROVED by ADMINISTRATION', '>>'), ('>>', None), ('Request For Payment REJECTED by SUPERVISOR', '>>'), ('Request For Payment REJECTED by EMPLOYEE', '>>'), ('Request For Payment SUBMITTED by EMPLOYEE', 'Request For Payment SUBMITTED by EMPLOYEE'), ('Request For Payment REJECTED by ADMINISTRATION', 'Request For Payment REJECTED by ADMINISTRATION'), ('Request For Payment REJECTED by EMPLOYEE', 'Request For Payment REJECTED by EMPLOYEE'), ('>>', None), ('>>', None), ('Request For Payment SUBMITTED by EMPLOYEE', '>>'), ('Request For Payment APPROVED by ADMINISTRATION', 'Request For Payment APPROVED by ADMINISTRATION'), ('>>', None), ('>>', None), ('>>', None), ('Request For Payment FINAL_APPROVED by SUPERVISOR', 'Request For Payment FINAL_APPROVED by SUPERVISOR'), ('>>', None), ('>>', None), ('Request Payment', 'Request Payment'), ('>>', None), ('Payment Handled', 'Payment Handled'), ('>>', None)]",0.07305254100000003,0.06980970999999903,0.001465412999997362,72,255,546,343,203,0,107,0,0,0,12,23
0.0009215101664131614,3,"['n27', 'n29', 'n30', 'n28', 'n38', 'n40', 'n41', 'n44', 'n43', 'n42', 'n46', 'n51', 'n53', 'n55', 'n57']","[('>>', None), ('Request For Payment SUBMITTED by EMPLOYEE', 'Request For Payment SUBMITTED by EMPLOYEE'), ('>>', None), ('>>', None), ('Request For Payment APPROVED by ADMINISTRATION', 'Request For Payment APPROVED by ADMINISTRATION'), ('Request For Payment APPROVED by BUDGET OWNER', 'Request For Payment APPROVED by BUDGET OWNER'), ('Request For Payment REJECTED by SUPERVISOR', '>>'), ('Request For Payment SUBMITTED by EMPLOYEE', '>>'), ('>>', None), ('>>', None), ('Request For Payment APPROVED by ADMINISTRATION', '>>'), ('Request For Payment FINAL_APPROVED by SUPERVISOR', 'Request For Payment FINAL_APPROVED by SUPERVISOR'), ('>>', None), ('>>', None), ('>>', None), ('>>', None), ('>>', None), ('>>', None)]",0.023448915999999986,0.021950538000001796,0.0009134880000023493,46,125,249,155,94,0,34,0,0,0,7,18
0.00019102885298456817,8,"['n27', 'n29', 'n31', 'n35', 'n33', 'n32', 'n28', 'n36', 'n46', 'n51', 'n53', 'n55', 'n57']","[('>>', None), ('Request For Payment SUBMITTED by EMPLOYEE', 'Request For Payment SUBMITTED by EMPLOYEE'), ('>>', None), ('Request For Payment REJECTED by ADMINISTRATION', '>>'), ('Request For Payment SUBMITTED by EMPLOYEE', '>>'), ('Request For Payment REJECTED by ADMINISTRATION', '>>'), ('Request For Payment SUBMITTED by EMPLOYEE', '>>'), ('Request For Payment REJECTED by ADMINISTRATION', '>>'), ('Request For Payment SUBMITTED by EMPLOYEE', '>>'), ('Request For Payment REJECTED by ADMINISTRATION', '>>'), ('Request For Payment SUBMITTED by EMPLOYEE', '>>'), ('Request For Payment REJECTED by ADMINISTRATION', 'Request For Payment REJECTED by ADMINISTRATION'), ('Request For Payment REJECTED by EMPLOYEE', 'Request For Payment REJECTED by EMPLOYEE'), ('>>', None), ('>>', None), ('>>', None), ('>>', None), ('>>', None), ('>>', None), ('>>', None), ('>>', None)]",0.019750875000000168,0.017473414000000798,0.0011985840000012793,58,215,328,233,95,0,26,0,0,0,11,21
8.409475713026246e-06,6,"['n27', 'n29', 'n31', 'n35', 'n33', 'n32', 'n28', 'n38', 'n40', 'n41', 'n43', 'n44', 'n42', 'n46', 'n52', 'n53', 'n56', 'n57']","[('>>', None), ('Request For Payment SUBMITTED by EMPLOYEE', 'Request For Payment SUBMITTED by EMPLOYEE'), ('>>', None), ('Request For Payment REJECTED by ADMINISTRATION', 'Request For Payment REJECTED by ADMINISTRATION'), ('Request For Payment REJECTED by EMPLOYEE', 'Request For Payment REJECTED by EMPLOYEE'), ('>>', None), ('Request For Payment SUBMITTED by EMPLOYEE', '>>'), ('Request For Payment REJECTED by ADMINISTRATION', '>>'), ('Request For Payment SUBMITTED by EMPLOYEE', '>>'), ('Request For Payment APPROVED by ADMINISTRATION', '>>'), ('Request For Payment APPROVED by BUDGET OWNER', '>>'), ('Request For Payment SUBMITTED by EMPLOYEE', '>>'), ('>>', None), ('Request For Payment APPROVED by ADMINISTRATION', 'Request For Payment APPROVED by ADMINISTRATION'), ('Request For Payment APPROVED by BUDGET OWNER', 'Request For Payment APPROVED by BUDGET OWNER'), ('>>', None), ('Request For Payment FINAL_APPROVED by SUPERVISOR', 'Request For Payment FINAL_APPROVED by SUPERVISOR'), ('>>', None), ('>>', None), ('>>', None), ('Request Payment', 'Request Payment'), ('>>', None), ('Payment Handled', 'Payment Handled'), ('>>', None)]",0.024690875000000112,0.021745458000002493,0.0018904880000052415,80,267,422,290,132,0,31,0,0,0,14,24
2.2239857553204613e-06,5,"['n27', 'n31', 'n35', 'n33', 'n32', 'n29', 'n28', 'n38', 'n39', 'n41', 'n43', 'n44', 'n42', 'n46', 'n52', 'n53', 'n56', 'n57']","[('>>', None), ('>>', None), ('Request For Payment SUBMITTED by EMPLOYEE', '>>'), ('Request For Payment REJECTED by ADMINISTRATION', 'Request For Payment REJECTED by ADMINISTRATION'), ('Request For Payment REJECTED by EMPLOYEE', '>>'), ('Request For Payment SUBMITTED by EMPLOYEE', '>>'), ('Request For Payment APPROVED by ADMINISTRATION', '>>'), ('Request For Payment REJECTED by BUDGET OWNER', '>>'), ('Request For Payment REJECTED by EMPLOYEE', 'Request For Payment REJECTED by EMPLOYEE'), ('>>', None), ('Request For Payment SUBMITTED by EMPLOYEE', 'Request For Payment SUBMITTED by EMPLOYEE'), ('>>', None), ('Request For Payment APPROVED by ADMINISTRATION', 'Request For Payment APPROVED by ADMINISTRATION'), ('>>', None), ('>>', None), ('Request For Payment FINAL_APPROVED by SUPERVISOR', 'Request For Payment FINAL_APPROVED by SUPERVISOR'), ('>>', None), ('>>', None), ('>>', None), ('Request Payment', 'Request Payment'), ('>>', None), ('Payment Handled', 'Payment Handled'), ('>>', None)]",0.013363792000000263,0.011929039999999613,0.00090245399999489,39,133,207,148,59,0,18,0,0,0,12,23
7.26231496662983e-06,2,"['n27', 'n31', 'n35', 'n33', 'n32', 'n29', 'n28', 'n36', 'n47', 'n49', 'n50', 'n48', 'n52', 'n53', 'n56', 'n57']","[('Request For Payment SUBMITTED by EMPLOYEE', '>>'), ('>>', None), ('>>', None), ('Request For Payment REJECTED by ADMINISTRATION', 'Request For Payment REJECTED by ADMINISTRATION'), ('Request For Payment REJECTED by EMPLOYEE', 'Request For Payment REJECTED by EMPLOYEE'), ('>>', None), ('Request For Payment SUBMITTED by EMPLOYEE', 'Request For Payment SUBMITTED by EMPLOYEE'), ('Request For Payment APPROVED by ADMINISTRATION', '>>'), ('>>', None), ('>>', None), ('>>', None), ('Request For Payment APPROVED by SUPERVISOR', 'Request For Payment APPROVED by SUPERVISOR'), ('Request For Payment FINAL_APPROVED by DIRECTOR', 'Request For Payment FINAL_APPROVED by DIRECTOR'), ('>>', None), ('Request Payment', 'Request Payment'), ('>>', None), ('Payment Handled', 'Payment Handled'), ('>>', None)]",0.011890541999999726,0.01060291800000046,0.0009134129999979201,37,123,189,135,54,0,16,0,0,0,9,18
8.408482662696989e-06,2,"['n27', 'n29', 'n31', 'n35', 'n33', 'n32', 'n28', 'n38', 'n39', 'n41', 'n43', 'n44', 'n42', 'n46', 'n52', 'n53', 'n56', 'n57']","[('>>', None), ('Request For Payment SUBMITTED by EMPLOYEE', 'Request For Payment SUBMITTED by EMPLOYEE'), ('>>', None), ('Request For Payment REJECTED by ADMINISTRATION', 'Request For Payment REJECTED by ADMINISTRATION'), ('Request For Payment SUBMITTED by EMPLOYEE', '>>'), ('Request For Payment REJECTED by EMPLOYEE', 'Request For Payment REJECTED by EMPLOYEE'), ('>>', None), ('Request For Payment SUBMITTED by EMPLOYEE', '>>'), ('>>', None), ('Request For Payment APPROVED by ADMINISTRATION', 'Request For Payment APPROVED by ADMINISTRATION'), ('>>', None), ('>>', None), ('Request For Payment FINAL_APPROVED by SUPERVISOR', 'Request For Payment FINAL_APPROVED by SUPERVISOR'), ('>>', None), ('>>', None), ('>>', None), ('Request Payment', 'Request Payment'), ('>>', None), ('Payment Handled', 'Payment Handled'), ('>>', None)]",0.01187141700000005,0.010749874000000048,0.0009458750000019833,28,94,153,107,46,0,15,0,0,0,9,20
3.6212880069349633e-07,2,"['n27', 'n31', 'n35', 'n33', 'n29', 'n32', 'n28', 'n38', 'n40', 'n41', 'n44', 'n43', 'n42', 'n47', 'n49', 'n50', 'n48', 'n52', 'n53', 'n56', 'n57']","[('>>', None), ('Request For Payment SUBMITTED by EMPLOYEE', '>>'), ('>>', None), ('Request For Payment REJECTED by ADMINISTRATION', 'Request For Payment REJECTED by ADMINISTRATION'), ('Request For Payment REJECTED by EMPLOYEE', 'Request For Payment REJECTED by EMPLOYEE'), ('Request For Payment SUBMITTED by EMPLOYEE', 'Request For Payment SUBMITTED by EMPLOYEE'), ('>>', None), ('>>', None), ('Request For Payment APPROVED by ADMINISTRATION', 'Request For Payment APPROVED by ADMINISTRATION'), ('Request For Payment APPROVED by BUDGET OWNER', 'Request For Payment APPROVED by BUDGET OWNER'), ('>>', None), ('>>', None), ('>>', 'Request For Payment FINAL_APPROVED by SUPERVISOR'), ('>>', None), ('>>', None), ('Request For Payment APPROVED by SUPERVISOR', 'Request For Payment APPROVED by SUPERVISOR'), ('Request For Payment FINAL_APPROVED by DIRECTOR', 'Request For Payment FINAL_APPROVED by DIRECTOR'), ('>>', None), ('Request Payment', 'Request Payment'), ('>>', None), ('Payment Handled', 'Payment Handled'), ('>>', None)]",0.0418153750000001,0.0398395430000007,0.0010485480000039793,43,143,291,187,104,0,59,0,0,0,10,22
0.0004558642709368472,0,"['n27', 'n29', 'n30', 'n28', 'n38', 'n39', 'n41', 'n43', 'n44', 'n42', 'n46', 'n51', 'n53', 'n56', 'n57']","[('>>', None), ('Request For Payment SUBMITTED by EMPLOYEE', 'Request For Payment SUBMITTED by EMPLOYEE'), ('>>', None), ('>>', None), ('Request For Payment APPROVED by ADMINISTRATION', 'Request For Payment APPROVED by ADMINISTRATION'), ('>>', None), ('>>', None), ('Request For Payment FINAL_APPROVED by SUPERVISOR', 'Request For Payment FINAL_APPROVED by SUPERVISOR'), ('>>', None), ('>>', None), ('>>', None), ('>>', None), ('>>', None), ('Payment Handled', 'Payment Handled'), ('>>', None)]",0.002504375000000003,0.001981042000000155,0.0007577500000031101,17,54,79,57,22,0,3,0,0,0,4,15
8.189171553564192e-05,6,"['n27', 'n31', 'n35', 'n29', 'n33', 'n32', 'n28', 'n36', 'n46', 'n51', 'n53', 'n55', 'n57']","[('Request For Payment SUBMITTED by EMPLOYEE', '>>'), ('>>', None), ('Request For Payment REJECTED by ADMINISTRATION', '>>'), ('Request For Payment SUBMITTED by EMPLOYEE', '>>'), ('>>', None), ('Request For Payment REJECTED by ADMINISTRATION', 'Request For Payment REJECTED by ADMINISTRATION'), ('Request For Payment SUBMITTED by EMPLOYEE', 'Request For Payment SUBMITTED by EMPLOYEE'), ('Request For Payment REJECTED by ADMINISTRATION', '>>'), ('Request For Payment SUBMITTED by EMPLOYEE', '>>'), ('Request For Payment REJECTED by ADMINISTRATION', '>>'), ('Request For Payment REJECTED by EMPLOYEE', 'Request For Payment REJECTED by EMPLOYEE'), ('>>', None), ('>>', None), ('>>', None), ('>>', None), ('>>', None), ('>>', None), ('>>', None), ('>>', None)]",0.04862437499999972,0.045580580000000204,0.0013443770000032274,62,218,432,270,162,0,68,0,0,0,9,19
0.00103569028786838,1,"['n27', 'n29', 'n30', 'n28', 'n36', 'n46', 'n51', 'n54', 'n56', 'n57']","[('>>', None), ('Request For Payment SUBMITTED by EMPLOYEE', 'Request For Payment SUBMITTED by EMPLOYEE'), ('Request For Payment APPROVED by ADMINISTRATION', '>>'), ('>>', None), ('>>', None), ('>>', None), ('>>', None), ('>>', None), ('Request For Payment FINAL_APPROVED by BUDGET OWNER', 'Request For Payment FINAL_APPROVED by BUDGET OWNER'), ('Payment Handled', 'Payment Handled'), ('>>', None)]",0.012702083000000197,0.011868503000001418,0.0008519910000015507,24,73,133,85,48,0,18,0,0,0,4,11
8.408482662696989e-06,13,"['n27', 'n29', 'n31', 'n35', 'n33', 'n32', 'n28', 'n38', 'n39', 'n41', 'n43', 'n44', 'n42', 'n46', 'n52', 'n53', 'n56', 'n57']","[('Request For Payment SUBMITTED by EMPLOYEE', '>>'), ('>>', None), ('Request For Payment REJECTED by ADMINISTRATION', '>>'), ('Request For Payment REJECTED by EMPLOYEE', '>>'), ('Request For Payment SUBMITTED by EMPLOYEE', 'Request For Payment SUBMITTED by EMPLOYEE'), ('Request For Payment REJECTED by ADMINISTRATION', '>>'), ('Request For Payment REJECTED by EMPLOYEE', '>>'), ('Request For Payment SUBMITTED by EMPLOYEE', '>>'), ('>>', None), ('Request For Payment REJECTED by ADMINISTRATION', 'Request For Payment REJECTED by ADMINISTRATION'), ('Request For Payment REJECTED by EMPLOYEE', 'Request For Payment REJECTED by EMPLOYEE'), ('>>', None), ('Request For Payment SUBMITTED by EMPLOYEE', '>>'), ('Request For Payment REJECTED by ADMINISTRATION', '>>'), ('Request For Payment REJECTED by EMPLOYEE', '>>'), ('Request For Payment SUBMITTED by EMPLOYEE', '>>'), ('Request For Payment REJECTED by ADMINISTRATION', '>>'), ('>>', None), ('Request For Payment REJECTED by EMPLOYEE', '>>'), ('Request For Payment SUBMITTED by EMPLOYEE', '>>'), ('Request For Payment APPROVED by ADMINISTRATION', 'Request For Payment APPROVED by ADMINISTRATION'), ('>>', None), ('>>', None), ('Request For Payment FINAL_APPROVED by SUPERVISOR', 'Request For Payment FINAL_APPROVED by SUPERVISOR'), ('>>', None), ('>>', None), ('>>', None), ('Request Payment', 'Request Payment'), ('>>', None), ('Payment Handled', 'Payment Handled'), ('>>', None)]",0.1622457500000003,0.15225666500000257,0.0025460790000115807,231,773,1429,828,601,0,217,0,0,0,20,31
0.00019102885298456817,4,"['n27', 'n29', 'n31', 'n35', 'n33', 'n32', 'n28', 'n36', 'n46', 'n51', 'n53', 'n55', 'n57']","[('>>', None), ('Request For Payment SUBMITTED by EMPLOYEE', 'Request For Payment SUBMITTED by EMPLOYEE'), ('>>', None), ('Request For Payment REJECTED by ADMINISTRATION', 'Request For Payment REJECTED by ADMINISTRATION'), ('Request For Payment SUBMITTED by EMPLOYEE', '>>'), ('Request For Payment REJECTED by EMPLOYEE', 'Request For Payment REJECTED by EMPLOYEE'), ('>>', None), ('>>', None), ('>>', None), ('>>', None), ('Request For Payment SUBMITTED by EMPLOYEE', '>>'), ('>>', None), ('>>', None), ('>>', None), ('Request For Payment REJECTED by ADMINISTRATION', '>>'), ('Request For Payment REJECTED by EMPLOYEE', '>>'), ('>>', None)]",0.0849527499999998,0.0805416249999995,0.0014460100000039944,87,269,522,319,203,0,75,0,0,0,7,17
0.00045591810896952327,1,"['n27', 'n29', 'n30', 'n28', 'n38', 'n40', 'n41', 'n43', 'n44', 'n42', 'n46', 'n51', 'n53', 'n56', 'n57']","[('>>', None), ('Request For Payment SUBMITTED by EMPLOYEE', 'Request For Payment SUBMITTED by EMPLOYEE'), ('>>', None), ('>>', None), ('Request For Payment APPROVED by ADMINISTRATION', 'Request For Payment APPROVED by ADMINISTRATION'), ('Request For Payment APPROVED by BUDGET OWNER', 'Request For Payment APPROVED by BUDGET OWNER'), ('>>', None), ('Request For Payment FINAL_APPROVED by SUPERVISOR', 'Request For Payment FINAL_APPROVED by SUPERVISOR'), ('>>', None), ('>>', None), ('>>', None), ('>>', None), ('>>', None), ('Payment Handled', 'Payment Handled'), ('Request Payment', '>>'), ('>>', None)]",0.025266542000000225,0.023569791999998202,0.0011136200000012586,43,136,250,159,91,0,36,0,0,0,6,16
1.9102885298456818e-05,2,"['n27', 'n29', 'n31', 'n35', 'n33', 'n32', 'n28', 'n36', 'n46', 'n51', 'n53', 'n55', 'n59']","[('>>', None), ('Request For Payment SUBMITTED by EMPLOYEE', 'Request For Payment SUBMITTED by EMPLOYEE'), ('>>', None), ('Request For Payment REJECTED by ADMINISTRATION', 'Request For Payment REJECTED by ADMINISTRATION'), ('Request For Payment REJECTED by EMPLOYEE', 'Request For Payment REJECTED by EMPLOYEE'), ('>>', None), ('>>', None), ('Request For Payment SUBMITTED by EMPLOYEE', '>>'), ('Request For Payment APPROVED by ADMINISTRATION', '>>'), ('>>', None), ('>>', None), ('>>', None), ('>>', None), ('>>', None), ('Request For Payment FOR_APPROVAL by SUPERVISOR', 'Request For Payment FOR_APPROVAL by SUPERVISOR')]",0.02635091700000025,0.02476812499999914,0.0009803740000000616,40,130,248,155,93,0,38,0,0,0,6,15
0.00045591810896952327,0,"['n27', 'n29', 'n30', 'n28', 'n38', 'n40', 'n41', 'n43', 'n44', 'n42', 'n46', 'n51', 'n53', 'n56', 'n57']","[('>>', None), ('Request For Payment SUBMITTED by EMPLOYEE', 'Request For Payment SUBMITTED by EMPLOYEE'), ('>>', None), ('>>', None), ('Request For Payment APPROVED by ADMINISTRATION', 'Request For Payment APPROVED by ADMINISTRATION'), ('Request For Payment APPROVED by BUDGET OWNER', 'Request For Payment APPROVED by BUDGET OWNER'), ('>>', None), ('Request For Payment FINAL_APPROVED by SUPERVISOR', 'Request For Payment FINAL_APPROVED by SUPERVISOR'), ('>>', None), ('>>', None), ('>>', None), ('>>', None), ('>>', None), ('Payment Handled', 'Payment Handled'), ('>>', None)]",0.002725374999999808,0.0021682079999996162,0.0008603329999985476,17,55,80,58,22,0,3,0,0,0,5,15
0.00036289849778129216,1,"['n27', 'n29', 'n30', 'n28', 'n38', 'n39', 'n41', 'n43', 'n44', 'n42', 'n46', 'n52', 'n53', 'n55', 'n57']","[('>>', None), ('Request For Payment SUBMITTED by EMPLOYEE', 'Request For Payment SUBMITTED by EMPLOYEE'), ('>>', None), ('>>', None), ('Request For Payment APPROVED by ADMINISTRATION', 'Request For Payment APPROVED by ADMINISTRATION'), ('>>', None), ('>>', None), ('Request For Payment FINAL_APPROVED by SUPERVISOR', 'Request For Payment FINAL_APPROVED by SUPERVISOR'), ('>>', None), ('>>', None), ('Payment Handled', '>>'), ('>>', None), ('Request Payment', 'Request Payment'), ('>>', None), ('>>', None), ('>>', None)]",0.02224962500000016,0.020656502000000465,0.0009560659999978682,40,127,230,149,81,0,30,0,0,0,5,16
0.0103026972963765,1,"['n27', 'n30', 'n29', 'n28', 'n36', 'n46', 'n51', 'n53', 'n55', 'n57']","[('>>', None), ('>>', None), ('Request For Payment SUBMITTED by EMPLOYEE', 'Request For Payment SUBMITTED by EMPLOYEE'), ('>>', None), ('>>', None), ('>>', None), ('>>', None), ('>>', None), ('>>', None), ('Request For Payment REJECTED by ADMINISTRATION', '>>'), ('>>', None)]",0.007246040999999703,0.00645841900000077,0.000812124000001635,26,75,113,77,36,0,10,0,0,0,2,11
0.0009215101664131614,2,"['n27', 'n29', 'n30', 'n28', 'n38', 'n40', 'n41', 'n44', 'n43', 'n42', 'n46', 'n51', 'n53', 'n55', 'n57']","[('>>', None), ('Request For Payment SUBMITTED by EMPLOYEE', 'Request For Payment SUBMITTED by EMPLOYEE'), ('>>', None), ('>>', None), ('Request For Payment APPROVED by ADMINISTRATION', 'Request For Payment APPROVED by ADMINISTRATION'), ('Request For Payment APPROVED by BUDGET OWNER', 'Request For Payment APPROVED by BUDGET OWNER'), ('Request For Payment REJECTED by SUPERVISOR', '>>'), ('>>', None), ('>>', None), ('>>', 'Request For Payment FINAL_APPROVED by SUPERVISOR'), ('>>', None), ('>>', None), ('>>', None), ('>>', None), ('>>', None), ('>>', None)]",0.0036399999999998656,0.003132625000000111,0.0007537909999979497,18,47,75,51,24,0,5,0,0,0,4,16
